"";"x"
"1";"A"
"2";"A"
"3";"A"
"4";"A"
"5";"A"
"6";"A"
"7";"A"
"8";"A"
"9";"A"
"10";"A"
"11";"A"
"12";"A"
"13";"A"
"14";"A"
"15";"A"
"16";"A"
"17";"A"
"18";"A"
"19";"A"
"20";"A"
"21";"A"
"22";"A"
"23";"A"
"24";"A"
"25";"A"
"26";"A"
"27";"A"
"28";"A"
"29";"A"
"30";"A"
"31";"A"
"32";"A"
"33";"A"
"34";"A"
"35";"A"
"36";"A"
"37";"A"
"38";"A"
"39";"A"
"40";"A"
"41";"A"
"42";"A"
"43";"A"
"44";"A"
"45";"A"
"46";"A"
"47";"A"
"48";"A"
"49";"A"
"50";"A"
"51";"A"
"52";"A"
"53";"A"
"54";"A"
"55";"A"
"56";"A"
"57";"A"
"58";"A"
"59";"A"
"60";"A"
"61";"A"
"62";"A"
"63";"A"
"64";"A"
"65";"A"
"66";"A"
"67";"A"
"68";"A"
"69";"A"
"70";"A"
"71";"A"
"72";"A"
"73";"A"
"74";"A"
"75";"A"
"76";"A"
"77";"A"
"78";"A"
"79";"A"
"80";"A"
"81";"A"
"82";"A"
"83";"A"
"84";"A"
"85";"A"
"86";"A"
"87";"A"
"88";"A"
"89";"A"
"90";"A"
"91";"A"
"92";"A"
"93";"A"
"94";"A"
"95";"A"
"96";"A"
"97";"A"
"98";"A"
"99";"A"
"100";"A"
"101";"A"
"102";"A"
"103";"A"
"104";"A"
"105";"A"
"106";"A"
"107";"A"
"108";"A"
"109";"A"
"110";"A"
"111";"A"
"112";"A"
"113";"A"
"114";"A"
"115";"A"
"116";"A"
"117";"A"
"118";"A"
"119";"A"
"120";"A"
"121";"A"
"122";"A"
"123";"A"
"124";"D"
"125";"A"
"126";"D"
"127";"A"
"128";"A"
"129";"A"
"130";"A"
"131";"A"
"132";"A"
"133";"A"
"134";"A"
"135";"A"
"136";"A"
"137";"A"
"138";"A"
"139";"C"
"140";"A"
"141";"A"
"142";"D"
"143";"D"
"144";"A"
"145";"D"
"146";"A"
"147";"A"
"148";"C"
"149";"A"
"150";"A"
"151";"A"
"152";"A"
"153";"A"
"154";"C"
"155";"A"
"156";"A"
"157";"A"
"158";"A"
"159";"A"
"160";"A"
"161";"A"
"162";"A"
"163";"A"
"164";"A"
"165";"A"
"166";"A"
"167";"A"
"168";"A"
"169";"A"
"170";"A"
"171";"A"
"172";"D"
"173";"D"
"174";"A"
"175";"A"
"176";"A"
"177";"A"
"178";"A"
"179";"A"
"180";"A"
"181";"A"
"182";"A"
"183";"A"
"184";"D"
"185";"A"
"186";"A"
"187";"A"
"188";"A"
"189";"A"
"190";"A"
"191";"D"
"192";"A"
"193";"C"
"194";"C"
"195";"C"
"196";"A"
"197";"A"
"198";"A"
"199";"A"
"200";"C"
"201";"A"
"202";"D"
"203";"D"
"204";"C"
"205";"A"
"206";"A"
"207";"D"
"208";"D"
"209";"D"
"210";"A"
"211";"A"
"212";"A"
"213";"A"
"214";"A"
"215";"A"
"216";"A"
"217";"A"
"218";"A"
"219";"A"
"220";"A"
"221";"A"
"222";"A"
"223";"A"
"224";"A"
"225";"A"
"226";"A"
"227";"A"
"228";"A"
"229";"A"
"230";"A"
"231";"A"
"232";"A"
"233";"A"
"234";"A"
"235";"A"
"236";"A"
"237";"A"
"238";"A"
"239";"A"
"240";"A"
"241";"A"
"242";"A"
"243";"A"
"244";"A"
"245";"A"
"246";"A"
"247";"A"
"248";"A"
"249";"A"
"250";"A"
"251";"A"
"252";"A"
"253";"A"
"254";"A"
"255";"A"
"256";"A"
"257";"A"
"258";"A"
"259";"A"
"260";"A"
"261";"A"
"262";"A"
"263";"A"
"264";"A"
"265";"A"
"266";"A"
"267";"A"
"268";"A"
"269";"A"
"270";"A"
"271";"A"
"272";"A"
"273";"A"
"274";"A"
"275";"A"
"276";"A"
"277";"A"
"278";"A"
"279";"A"
"280";"A"
"281";"A"
"282";"A"
"283";"A"
"284";"A"
"285";"A"
"286";"A"
"287";"A"
"288";"A"
"289";"A"
"290";"A"
"291";"A"
"292";"A"
"293";"A"
"294";"A"
"295";"A"
"296";"A"
"297";"A"
"298";"A"
"299";"A"
"300";"E"
"301";"E"
"302";"E"
"303";"C"
"304";"E"
"305";"E"
"306";"E"
"307";"E"
"308";"A"
"309";"A"
"310";"A"
"311";"A"
"312";"A"
"313";"C"
"314";"A"
"315";"A"
"316";"A"
"317";"A"
"318";"A"
"319";"A"
"320";"A"
"321";"A"
"322";"A"
"323";"A"
"324";"A"
"325";"A"
"326";"A"
"327";"A"
"328";"A"
"329";"A"
"330";"A"
"331";"A"
"332";"E"
"333";"A"
"334";"A"
"335";"A"
"336";"A"
"337";"A"
"338";"A"
"339";"A"
"340";"A"
"341";"A"
"342";"A"
"343";"A"
"344";"A"
"345";"A"
"346";"A"
"347";"A"
"348";"A"
"349";"A"
"350";"A"
"351";"A"
"352";"A"
"353";"A"
"354";"A"
"355";"A"
"356";"A"
"357";"C"
"358";"C"
"359";"A"
"360";"A"
"361";"A"
"362";"A"
"363";"A"
"364";"A"
"365";"A"
"366";"A"
"367";"A"
"368";"A"
"369";"A"
"370";"A"
"371";"A"
"372";"A"
"373";"A"
"374";"A"
"375";"A"
"376";"A"
"377";"A"
"378";"A"
"379";"A"
"380";"A"
"381";"A"
"382";"A"
"383";"A"
"384";"A"
"385";"A"
"386";"A"
"387";"D"
"388";"A"
"389";"A"
"390";"A"
"391";"A"
"392";"A"
"393";"A"
"394";"A"
"395";"A"
"396";"A"
"397";"A"
"398";"A"
"399";"A"
"400";"A"
"401";"A"
"402";"A"
"403";"A"
"404";"A"
"405";"A"
"406";"A"
"407";"A"
"408";"A"
"409";"A"
"410";"A"
"411";"A"
"412";"A"
"413";"A"
"414";"A"
"415";"A"
"416";"A"
"417";"A"
"418";"A"
"419";"A"
"420";"A"
"421";"A"
"422";"A"
"423";"A"
"424";"A"
"425";"A"
"426";"A"
"427";"A"
"428";"A"
"429";"A"
"430";"A"
"431";"A"
"432";"A"
"433";"A"
"434";"A"
"435";"A"
"436";"A"
"437";"A"
"438";"D"
"439";"C"
"440";"A"
"441";"A"
"442";"A"
"443";"A"
"444";"A"
"445";"A"
"446";"A"
"447";"A"
"448";"A"
"449";"A"
"450";"A"
"451";"A"
"452";"A"
"453";"A"
"454";"A"
"455";"A"
"456";"A"
"457";"A"
"458";"A"
"459";"A"
"460";"A"
"461";"A"
"462";"A"
"463";"A"
"464";"A"
"465";"B"
"466";"B"
"467";"C"
"468";"C"
"469";"C"
"470";"C"
"471";"A"
"472";"A"
"473";"A"
"474";"A"
"475";"A"
"476";"A"
"477";"A"
"478";"A"
"479";"A"
"480";"A"
"481";"A"
"482";"C"
"483";"A"
"484";"A"
"485";"A"
"486";"A"
"487";"A"
"488";"A"
"489";"A"
"490";"A"
"491";"A"
"492";"A"
"493";"A"
"494";"A"
"495";"A"
"496";"A"
"497";"A"
"498";"A"
"499";"A"
"500";"B"
"501";"A"
"502";"A"
"503";"A"
"504";"A"
"505";"A"
"506";"A"
"507";"A"
"508";"A"
"509";"A"
"510";"A"
"511";"A"
"512";"A"
"513";"A"
"514";"A"
"515";"A"
"516";"A"
"517";"A"
"518";"A"
"519";"A"
"520";"A"
"521";"A"
"522";"A"
"523";"A"
"524";"A"
"525";"A"
"526";"A"
"527";"A"
"528";"A"
"529";"A"
"530";"A"
"531";"A"
"532";"A"
"533";"A"
"534";"A"
"535";"A"
"536";"A"
"537";"A"
"538";"A"
"539";"A"
"540";"A"
"541";"A"
"542";"A"
"543";"A"
"544";"A"
"545";"A"
"546";"A"
"547";"A"
"548";"A"
"549";"A"
"550";"A"
"551";"A"
"552";"A"
"553";"A"
"554";"A"
"555";"A"
"556";"A"
"557";"A"
"558";"A"
"559";"A"
"560";"A"
"561";"A"
"562";"A"
"563";"A"
"564";"A"
"565";"A"
"566";"A"
"567";"A"
"568";"A"
"569";"A"
"570";"A"
"571";"A"
"572";"A"
"573";"A"
"574";"A"
"575";"A"
"576";"A"
"577";"A"
"578";"A"
"579";"A"
"580";"A"
"581";"A"
"582";"A"
"583";"A"
"584";"A"
"585";"A"
"586";"A"
"587";"A"
"588";"A"
"589";"A"
"590";"A"
"591";"A"
"592";"A"
"593";"A"
"594";"A"
"595";"A"
"596";"A"
"597";"A"
"598";"A"
"599";"A"
"600";"A"
"601";"A"
"602";"A"
"603";"A"
"604";"A"
"605";"A"
"606";"A"
"607";"A"
"608";"A"
"609";"A"
"610";"A"
"611";"A"
"612";"A"
"613";"A"
"614";"A"
"615";"A"
"616";"A"
"617";"A"
"618";"A"
"619";"A"
"620";"A"
"621";"A"
"622";"A"
"623";"A"
"624";"A"
"625";"A"
"626";"A"
"627";"A"
"628";"A"
"629";"A"
"630";"A"
"631";"A"
"632";"A"
"633";"A"
"634";"A"
"635";"A"
"636";"A"
"637";"A"
"638";"A"
"639";"A"
"640";"A"
"641";"A"
"642";"A"
"643";"A"
"644";"A"
"645";"A"
"646";"A"
"647";"A"
"648";"B"
"649";"B"
"650";"A"
"651";"A"
"652";"A"
"653";"A"
"654";"A"
"655";"A"
"656";"A"
"657";"A"
"658";"A"
"659";"A"
"660";"A"
"661";"A"
"662";"A"
"663";"A"
"664";"C"
"665";"C"
"666";"C"
"667";"C"
"668";"A"
"669";"A"
"670";"B"
"671";"B"
"672";"B"
"673";"B"
"674";"B"
"675";"A"
"676";"C"
"677";"C"
"678";"C"
"679";"C"
"680";"C"
"681";"C"
"682";"C"
"683";"C"
"684";"C"
"685";"A"
"686";"A"
"687";"B"
"688";"B"
"689";"B"
"690";"A"
"691";"A"
"692";"A"
"693";"A"
"694";"A"
"695";"A"
"696";"A"
"697";"A"
"698";"A"
"699";"A"
"700";"A"
"701";"A"
"702";"A"
"703";"A"
"704";"A"
"705";"A"
"706";"A"
"707";"A"
"708";"A"
"709";"A"
"710";"A"
"711";"A"
"712";"A"
"713";"A"
"714";"A"
"715";"A"
"716";"A"
"717";"A"
"718";"A"
"719";"A"
"720";"A"
"721";"A"
"722";"A"
"723";"A"
"724";"A"
"725";"A"
"726";"A"
"727";"A"
"728";"A"
"729";"A"
"730";"A"
"731";"A"
"732";"A"
"733";"A"
"734";"A"
"735";"A"
"736";"A"
"737";"A"
"738";"A"
"739";"A"
"740";"A"
"741";"A"
"742";"A"
"743";"A"
"744";"A"
"745";"A"
"746";"A"
"747";"A"
"748";"A"
"749";"A"
"750";"A"
"751";"A"
"752";"A"
"753";"A"
"754";"A"
"755";"A"
"756";"A"
"757";"A"
"758";"A"
"759";"A"
"760";"A"
"761";"A"
"762";"A"
"763";"A"
"764";"A"
"765";"A"
"766";"A"
"767";"A"
"768";"A"
"769";"A"
"770";"A"
"771";"A"
"772";"A"
"773";"A"
"774";"A"
"775";"A"
"776";"A"
"777";"A"
"778";"A"
"779";"A"
"780";"A"
"781";"A"
"782";"A"
"783";"A"
"784";"A"
"785";"A"
"786";"A"
"787";"A"
"788";"A"
"789";"A"
"790";"A"
"791";"A"
"792";"A"
"793";"A"
"794";"A"
"795";"A"
"796";"A"
"797";"A"
"798";"A"
"799";"A"
"800";"A"
"801";"A"
"802";"A"
"803";"A"
"804";"A"
"805";"A"
"806";"A"
"807";"A"
"808";"A"
"809";"A"
"810";"A"
"811";"A"
"812";"A"
"813";"A"
"814";"A"
"815";"A"
"816";"A"
"817";"A"
"818";"A"
"819";"A"
"820";"A"
"821";"A"
"822";"A"
"823";"A"
"824";"A"
"825";"A"
"826";"A"
"827";"A"
"828";"A"
"829";"A"
"830";"A"
"831";"A"
"832";"A"
"833";"A"
"834";"A"
"835";"A"
"836";"A"
"837";"A"
"838";"A"
"839";"A"
"840";"A"
"841";"A"
"842";"A"
"843";"A"
"844";"A"
"845";"A"
"846";"A"
"847";"A"
"848";"A"
"849";"A"
"850";"A"
"851";"A"
"852";"A"
"853";"A"
"854";"A"
"855";"A"
"856";"A"
"857";"A"
"858";"A"
"859";"A"
"860";"A"
"861";"A"
"862";"A"
"863";"A"
"864";"A"
"865";"A"
"866";"A"
"867";"A"
"868";"A"
"869";"A"
"870";"A"
"871";"A"
"872";"A"
"873";"A"
"874";"A"
"875";"A"
"876";"A"
"877";"A"
"878";"A"
"879";"A"
"880";"A"
"881";"A"
"882";"A"
"883";"A"
"884";"A"
"885";"A"
"886";"D"
"887";"A"
"888";"A"
"889";"A"
"890";"A"
"891";"A"
"892";"D"
"893";"D"
"894";"D"
"895";"D"
"896";"D"
"897";"D"
"898";"D"
"899";"A"
"900";"A"
"901";"A"
"902";"A"
"903";"A"
"904";"A"
"905";"A"
"906";"A"
"907";"A"
"908";"A"
"909";"D"
"910";"A"
"911";"A"
"912";"A"
"913";"A"
"914";"D"
"915";"A"
"916";"D"
"917";"D"
"918";"A"
"919";"D"
"920";"A"
"921";"A"
"922";"A"
"923";"A"
"924";"A"
"925";"A"
"926";"A"
"927";"A"
"928";"A"
"929";"A"
"930";"A"
"931";"A"
"932";"A"
"933";"A"
"934";"A"
"935";"D"
"936";"A"
"937";"D"
"938";"D"
"939";"D"
"940";"A"
"941";"D"
"942";"D"
"943";"A"
"944";"D"
"945";"D"
"946";"A"
"947";"A"
"948";"A"
"949";"A"
"950";"A"
"951";"A"
"952";"A"
"953";"A"
"954";"D"
"955";"A"
"956";"A"
"957";"D"
"958";"D"
"959";"D"
"960";"D"
"961";"A"
"962";"A"
"963";"A"
"964";"A"
"965";"A"
"966";"A"
"967";"A"
"968";"A"
"969";"A"
"970";"A"
"971";"D"
"972";"A"
"973";"A"
"974";"A"
"975";"A"
"976";"A"
"977";"A"
"978";"A"
"979";"A"
"980";"A"
"981";"A"
"982";"A"
"983";"A"
"984";"A"
"985";"A"
"986";"A"
"987";"A"
"988";"A"
"989";"A"
"990";"A"
"991";"A"
"992";"A"
"993";"A"
"994";"A"
"995";"A"
"996";"A"
"997";"A"
"998";"A"
"999";"A"
"1000";"A"
"1001";"A"
"1002";"A"
"1003";"A"
"1004";"A"
"1005";"A"
"1006";"A"
"1007";"A"
"1008";"A"
"1009";"A"
"1010";"A"
"1011";"A"
"1012";"A"
"1013";"A"
"1014";"A"
"1015";"A"
"1016";"A"
"1017";"A"
"1018";"A"
"1019";"A"
"1020";"A"
"1021";"A"
"1022";"A"
"1023";"A"
"1024";"A"
"1025";"A"
"1026";"A"
"1027";"A"
"1028";"A"
"1029";"A"
"1030";"A"
"1031";"A"
"1032";"A"
"1033";"A"
"1034";"A"
"1035";"A"
"1036";"A"
"1037";"A"
"1038";"A"
"1039";"A"
"1040";"A"
"1041";"A"
"1042";"A"
"1043";"A"
"1044";"A"
"1045";"A"
"1046";"A"
"1047";"A"
"1048";"A"
"1049";"A"
"1050";"A"
"1051";"A"
"1052";"A"
"1053";"A"
"1054";"A"
"1055";"A"
"1056";"A"
"1057";"A"
"1058";"A"
"1059";"A"
"1060";"A"
"1061";"A"
"1062";"A"
"1063";"A"
"1064";"A"
"1065";"A"
"1066";"A"
"1067";"A"
"1068";"A"
"1069";"A"
"1070";"A"
"1071";"A"
"1072";"A"
"1073";"A"
"1074";"A"
"1075";"A"
"1076";"A"
"1077";"A"
"1078";"A"
"1079";"A"
"1080";"A"
"1081";"D"
"1082";"E"
"1083";"A"
"1084";"A"
"1085";"A"
"1086";"A"
"1087";"D"
"1088";"A"
"1089";"A"
"1090";"A"
"1091";"A"
"1092";"A"
"1093";"C"
"1094";"A"
"1095";"D"
"1096";"A"
"1097";"A"
"1098";"D"
"1099";"A"
"1100";"B"
"1101";"A"
"1102";"A"
"1103";"B"
"1104";"A"
"1105";"A"
"1106";"D"
"1107";"A"
"1108";"D"
"1109";"A"
"1110";"A"
"1111";"A"
"1112";"A"
"1113";"A"
"1114";"A"
"1115";"A"
"1116";"A"
"1117";"A"
"1118";"A"
"1119";"A"
"1120";"D"
"1121";"D"
"1122";"A"
"1123";"A"
"1124";"A"
"1125";"A"
"1126";"A"
"1127";"A"
"1128";"A"
"1129";"C"
"1130";"A"
"1131";"A"
"1132";"A"
"1133";"A"
"1134";"C"
"1135";"A"
"1136";"B"
"1137";"C"
"1138";"D"
"1139";"D"
"1140";"A"
"1141";"A"
"1142";"A"
"1143";"A"
"1144";"A"
"1145";"A"
"1146";"A"
"1147";"A"
"1148";"A"
"1149";"A"
"1150";"E"
"1151";"E"
"1152";"D"
"1153";"D"
"1154";"A"
"1155";"A"
"1156";"A"
"1157";"A"
"1158";"A"
"1159";"A"
"1160";"A"
"1161";"A"
"1162";"A"
"1163";"A"
"1164";"A"
"1165";"D"
"1166";"A"
"1167";"A"
"1168";"A"
"1169";"A"
"1170";"A"
"1171";"A"
"1172";"A"
"1173";"A"
"1174";"A"
"1175";"A"
"1176";"A"
"1177";"A"
"1178";"D"
"1179";"A"
"1180";"D"
"1181";"D"
"1182";"D"
"1183";"A"
"1184";"D"
"1185";"A"
"1186";"A"
"1187";"A"
"1188";"A"
"1189";"A"
"1190";"A"
"1191";"A"
"1192";"A"
"1193";"A"
"1194";"A"
"1195";"A"
"1196";"A"
"1197";"A"
"1198";"A"
"1199";"A"
"1200";"A"
"1201";"A"
"1202";"A"
"1203";"A"
"1204";"A"
"1205";"A"
"1206";"A"
"1207";"A"
"1208";"A"
"1209";"D"
"1210";"A"
"1211";"A"
"1212";"A"
"1213";"A"
"1214";"B"
"1215";"A"
"1216";"A"
"1217";"A"
"1218";"A"
"1219";"A"
"1220";"A"
"1221";"C"
"1222";"A"
"1223";"A"
"1224";"A"
"1225";"A"
"1226";"A"
"1227";"A"
"1228";"A"
"1229";"A"
"1230";"A"
"1231";"A"
"1232";"A"
"1233";"A"
"1234";"A"
"1235";"A"
"1236";"A"
"1237";"A"
"1238";"A"
"1239";"A"
"1240";"A"
"1241";"A"
"1242";"A"
"1243";"A"
"1244";"A"
"1245";"A"
"1246";"A"
"1247";"A"
"1248";"A"
"1249";"A"
"1250";"A"
"1251";"A"
"1252";"A"
"1253";"A"
"1254";"A"
"1255";"A"
"1256";"A"
"1257";"A"
"1258";"A"
"1259";"A"
"1260";"A"
"1261";"A"
"1262";"A"
"1263";"A"
"1264";"A"
"1265";"A"
"1266";"A"
"1267";"A"
"1268";"A"
"1269";"A"
"1270";"A"
"1271";"A"
"1272";"A"
"1273";"A"
"1274";"A"
"1275";"A"
"1276";"A"
"1277";"A"
"1278";"A"
"1279";"A"
"1280";"A"
"1281";"A"
"1282";"A"
"1283";"A"
"1284";"A"
"1285";"A"
"1286";"A"
"1287";"A"
"1288";"A"
"1289";"A"
"1290";"A"
"1291";"A"
"1292";"A"
"1293";"A"
"1294";"A"
"1295";"A"
"1296";"A"
"1297";"A"
"1298";"A"
"1299";"A"
"1300";"A"
"1301";"A"
"1302";"A"
"1303";"A"
"1304";"A"
"1305";"A"
"1306";"A"
"1307";"A"
"1308";"A"
"1309";"A"
"1310";"A"
"1311";"C"
"1312";"A"
"1313";"A"
"1314";"A"
"1315";"A"
"1316";"A"
"1317";"A"
"1318";"A"
"1319";"A"
"1320";"A"
"1321";"A"
"1322";"A"
"1323";"A"
"1324";"A"
"1325";"A"
"1326";"A"
"1327";"A"
"1328";"A"
"1329";"A"
"1330";"A"
"1331";"A"
"1332";"A"
"1333";"A"
"1334";"A"
"1335";"A"
"1336";"A"
"1337";"A"
"1338";"A"
"1339";"A"
"1340";"A"
"1341";"A"
"1342";"A"
"1343";"A"
"1344";"A"
"1345";"A"
"1346";"A"
"1347";"A"
"1348";"A"
"1349";"A"
"1350";"A"
"1351";"A"
"1352";"A"
"1353";"A"
"1354";"A"
"1355";"A"
"1356";"A"
"1357";"A"
"1358";"A"
"1359";"A"
"1360";"A"
"1361";"A"
"1362";"A"
"1363";"A"
"1364";"A"
"1365";"A"
"1366";"C"
"1367";"A"
"1368";"A"
"1369";"A"
"1370";"A"
"1371";"A"
"1372";"A"
"1373";"A"
"1374";"A"
"1375";"A"
"1376";"A"
"1377";"A"
"1378";"A"
"1379";"A"
"1380";"A"
"1381";"A"
"1382";"A"
"1383";"A"
"1384";"A"
"1385";"A"
"1386";"A"
"1387";"A"
"1388";"A"
"1389";"A"
"1390";"A"
"1391";"A"
"1392";"A"
"1393";"A"
"1394";"A"
"1395";"A"
"1396";"A"
"1397";"A"
"1398";"A"
"1399";"A"
"1400";"A"
"1401";"A"
"1402";"A"
"1403";"A"
"1404";"A"
"1405";"A"
"1406";"A"
"1407";"A"
"1408";"A"
"1409";"A"
"1410";"A"
"1411";"D"
"1412";"A"
"1413";"A"
"1414";"A"
"1415";"D"
"1416";"A"
"1417";"A"
"1418";"A"
"1419";"A"
"1420";"A"
"1421";"A"
"1422";"A"
"1423";"A"
"1424";"A"
"1425";"A"
"1426";"A"
"1427";"A"
"1428";"A"
"1429";"A"
"1430";"A"
"1431";"A"
"1432";"A"
"1433";"A"
"1434";"A"
"1435";"A"
"1436";"A"
"1437";"A"
"1438";"A"
"1439";"A"
"1440";"A"
"1441";"A"
"1442";"A"
"1443";"A"
"1444";"A"
"1445";"A"
"1446";"D"
"1447";"D"
"1448";"D"
"1449";"A"
"1450";"A"
"1451";"A"
"1452";"A"
"1453";"A"
"1454";"A"
"1455";"A"
"1456";"A"
"1457";"A"
"1458";"A"
"1459";"A"
"1460";"A"
"1461";"A"
"1462";"A"
"1463";"B"
"1464";"B"
"1465";"A"
"1466";"A"
"1467";"A"
"1468";"A"
"1469";"A"
"1470";"A"
"1471";"A"
"1472";"A"
"1473";"A"
"1474";"A"
"1475";"A"
"1476";"A"
"1477";"A"
"1478";"A"
"1479";"B"
"1480";"D"
"1481";"A"
"1482";"A"
"1483";"A"
"1484";"A"
"1485";"A"
"1486";"A"
"1487";"A"
"1488";"D"
"1489";"D"
"1490";"A"
"1491";"B"
"1492";"A"
"1493";"A"
"1494";"A"
"1495";"A"
"1496";"A"
"1497";"A"
"1498";"A"
"1499";"A"
"1500";"A"
"1501";"A"
"1502";"A"
"1503";"B"
"1504";"B"
"1505";"A"
"1506";"A"
"1507";"A"
"1508";"A"
"1509";"C"
"1510";"A"
"1511";"A"
"1512";"A"
"1513";"A"
"1514";"A"
"1515";"A"
"1516";"A"
"1517";"A"
"1518";"A"
"1519";"D"
"1520";"A"
"1521";"A"
"1522";"A"
"1523";"A"
"1524";"A"
"1525";"A"
"1526";"A"
"1527";"A"
"1528";"A"
"1529";"A"
"1530";"A"
"1531";"A"
"1532";"A"
"1533";"A"
"1534";"A"
"1535";"A"
"1536";"A"
"1537";"A"
"1538";"A"
"1539";"A"
"1540";"A"
"1541";"A"
"1542";"A"
"1543";"A"
"1544";"A"
"1545";"A"
"1546";"A"
"1547";"A"
"1548";"A"
"1549";"A"
"1550";"A"
"1551";"A"
"1552";"A"
"1553";"A"
"1554";"A"
"1555";"A"
"1556";"A"
"1557";"A"
"1558";"A"
"1559";"A"
"1560";"A"
"1561";"A"
"1562";"A"
"1563";"A"
"1564";"A"
"1565";"A"
"1566";"A"
"1567";"A"
"1568";"A"
"1569";"A"
"1570";"A"
"1571";"A"
"1572";"A"
"1573";"A"
"1574";"A"
"1575";"A"
"1576";"A"
"1577";"A"
"1578";"A"
"1579";"A"
"1580";"A"
"1581";"A"
"1582";"A"
"1583";"A"
"1584";"A"
"1585";"A"
"1586";"A"
"1587";"A"
"1588";"A"
"1589";"A"
"1590";"A"
"1591";"A"
"1592";"A"
"1593";"A"
"1594";"A"
"1595";"A"
"1596";"A"
"1597";"A"
"1598";"A"
"1599";"A"
"1600";"A"
"1601";"A"
"1602";"A"
"1603";"A"
"1604";"A"
"1605";"A"
"1606";"A"
"1607";"A"
"1608";"A"
"1609";"A"
"1610";"A"
"1611";"A"
"1612";"A"
"1613";"A"
"1614";"A"
"1615";"A"
"1616";"A"
"1617";"A"
"1618";"A"
"1619";"A"
"1620";"A"
"1621";"A"
"1622";"A"
"1623";"A"
"1624";"A"
"1625";"A"
"1626";"A"
"1627";"A"
"1628";"A"
"1629";"A"
"1630";"A"
"1631";"A"
"1632";"A"
"1633";"A"
"1634";"C"
"1635";"A"
"1636";"C"
"1637";"A"
"1638";"A"
"1639";"A"
"1640";"D"
"1641";"D"
"1642";"A"
"1643";"A"
"1644";"A"
"1645";"D"
"1646";"D"
"1647";"A"
"1648";"A"
"1649";"C"
"1650";"A"
"1651";"A"
"1652";"A"
"1653";"A"
"1654";"A"
"1655";"D"
"1656";"A"
"1657";"A"
"1658";"D"
"1659";"D"
"1660";"A"
"1661";"A"
"1662";"A"
"1663";"A"
"1664";"A"
"1665";"A"
"1666";"A"
"1667";"A"
"1668";"A"
"1669";"A"
"1670";"A"
"1671";"A"
"1672";"A"
"1673";"A"
"1674";"A"
"1675";"C"
"1676";"C"
"1677";"A"
"1678";"A"
"1679";"A"
"1680";"B"
"1681";"A"
"1682";"B"
"1683";"E"
"1684";"E"
"1685";"A"
"1686";"A"
"1687";"A"
"1688";"A"
"1689";"A"
"1690";"D"
"1691";"A"
"1692";"A"
"1693";"A"
"1694";"B"
"1695";"B"
"1696";"B"
"1697";"A"
"1698";"D"
"1699";"D"
"1700";"D"
"1701";"B"
"1702";"E"
"1703";"B"
"1704";"B"
"1705";"B"
"1706";"B"
"1707";"B"
"1708";"B"
"1709";"B"
"1710";"B"
"1711";"B"
"1712";"B"
"1713";"A"
"1714";"A"
"1715";"A"
"1716";"A"
"1717";"E"
"1718";"A"
"1719";"E"
"1720";"B"
"1721";"B"
"1722";"B"
"1723";"B"
"1724";"B"
"1725";"B"
"1726";"A"
"1727";"B"
"1728";"B"
"1729";"B"
"1730";"B"
"1731";"B"
"1732";"B"
"1733";"B"
"1734";"B"
"1735";"B"
"1736";"E"
"1737";"B"
"1738";"A"
"1739";"A"
"1740";"B"
"1741";"B"
"1742";"B"
"1743";"B"
"1744";"B"
"1745";"B"
"1746";"A"
"1747";"B"
"1748";"B"
"1749";"B"
"1750";"B"
"1751";"B"
"1752";"B"
"1753";"B"
"1754";"B"
"1755";"B"
"1756";"B"
"1757";"B"
"1758";"B"
"1759";"B"
"1760";"C"
"1761";"B"
"1762";"B"
"1763";"A"
"1764";"B"
"1765";"C"
"1766";"B"
"1767";"B"
"1768";"B"
"1769";"B"
"1770";"B"
"1771";"E"
"1772";"E"
"1773";"B"
"1774";"A"
"1775";"A"
"1776";"B"
"1777";"B"
"1778";"E"
"1779";"E"
"1780";"B"
"1781";"B"
"1782";"B"
"1783";"B"
"1784";"E"
"1785";"B"
"1786";"B"
"1787";"B"
"1788";"B"
"1789";"B"
"1790";"B"
"1791";"B"
"1792";"B"
"1793";"B"
"1794";"C"
"1795";"B"
"1796";"E"
"1797";"B"
"1798";"B"
"1799";"B"
"1800";"B"
"1801";"C"
"1802";"A"
"1803";"E"
"1804";"E"
"1805";"B"
"1806";"B"
"1807";"B"
"1808";"B"
"1809";"B"
"1810";"B"
"1811";"B"
"1812";"B"
"1813";"B"
"1814";"B"
"1815";"B"
"1816";"B"
"1817";"B"
"1818";"B"
"1819";"B"
"1820";"B"
"1821";"B"
"1822";"B"
"1823";"B"
"1824";"B"
"1825";"A"
"1826";"A"
"1827";"A"
"1828";"A"
"1829";"B"
"1830";"C"
"1831";"A"
"1832";"B"
"1833";"B"
"1834";"B"
"1835";"B"
"1836";"B"
"1837";"B"
"1838";"B"
"1839";"B"
"1840";"D"
"1841";"B"
"1842";"B"
"1843";"B"
"1844";"B"
"1845";"B"
"1846";"B"
"1847";"B"
"1848";"B"
"1849";"B"
"1850";"B"
"1851";"B"
"1852";"A"
"1853";"A"
"1854";"C"
"1855";"C"
"1856";"C"
"1857";"C"
"1858";"C"
"1859";"C"
"1860";"C"
"1861";"C"
"1862";"B"
"1863";"B"
"1864";"B"
"1865";"B"
"1866";"B"
"1867";"B"
"1868";"B"
"1869";"B"
"1870";"B"
"1871";"B"
"1872";"C"
"1873";"C"
"1874";"C"
"1875";"C"
"1876";"C"
"1877";"B"
"1878";"B"
"1879";"B"
"1880";"B"
"1881";"B"
"1882";"B"
"1883";"B"
"1884";"B"
"1885";"B"
"1886";"B"
"1887";"B"
"1888";"B"
"1889";"B"
"1890";"B"
"1891";"D"
"1892";"C"
"1893";"B"
"1894";"B"
"1895";"B"
"1896";"B"
"1897";"A"
"1898";"A"
"1899";"B"
"1900";"B"
"1901";"B"
"1902";"B"
"1903";"B"
"1904";"B"
"1905";"B"
"1906";"B"
"1907";"B"
"1908";"B"
"1909";"B"
"1910";"B"
"1911";"B"
"1912";"A"
"1913";"B"
"1914";"E"
"1915";"E"
"1916";"B"
"1917";"B"
"1918";"B"
"1919";"B"
"1920";"B"
"1921";"B"
"1922";"B"
"1923";"B"
"1924";"B"
"1925";"B"
"1926";"B"
"1927";"B"
"1928";"E"
"1929";"E"
"1930";"B"
"1931";"B"
"1932";"D"
"1933";"D"
"1934";"A"
"1935";"A"
"1936";"A"
"1937";"A"
"1938";"A"
"1939";"A"
"1940";"B"
"1941";"B"
"1942";"B"
"1943";"B"
"1944";"B"
"1945";"B"
"1946";"B"
"1947";"B"
"1948";"D"
"1949";"D"
"1950";"D"
"1951";"A"
"1952";"A"
"1953";"B"
"1954";"B"
"1955";"B"
"1956";"B"
"1957";"B"
"1958";"B"
"1959";"B"
"1960";"D"
"1961";"D"
"1962";"D"
"1963";"D"
"1964";"A"
"1965";"B"
"1966";"B"
"1967";"E"
"1968";"B"
"1969";"B"
"1970";"B"
"1971";"B"
"1972";"B"
"1973";"C"
"1974";"C"
"1975";"C"
"1976";"A"
"1977";"A"
"1978";"B"
"1979";"D"
"1980";"D"
"1981";"D"
"1982";"C"
"1983";"C"
"1984";"C"
"1985";"C"
"1986";"C"
"1987";"C"
"1988";"C"
"1989";"C"
"1990";"C"
"1991";"B"
"1992";"B"
"1993";"B"
"1994";"B"
"1995";"B"
"1996";"A"
"1997";"B"
"1998";"B"
"1999";"C"
"2000";"C"
"2001";"C"
"2002";"C"
"2003";"C"
"2004";"B"
"2005";"B"
"2006";"B"
"2007";"A"
"2008";"C"
"2009";"B"
"2010";"E"
"2011";"C"
"2012";"B"
"2013";"B"
"2014";"B"
"2015";"C"
"2016";"E"
"2017";"E"
"2018";"C"
"2019";"B"
"2020";"D"
"2021";"D"
"2022";"B"
"2023";"D"
"2024";"B"
"2025";"B"
"2026";"B"
"2027";"B"
"2028";"C"
"2029";"C"
"2030";"E"
"2031";"E"
"2032";"B"
"2033";"B"
"2034";"B"
"2035";"B"
"2036";"E"
"2037";"B"
"2038";"E"
"2039";"B"
"2040";"B"
"2041";"B"
"2042";"B"
"2043";"B"
"2044";"B"
"2045";"B"
"2046";"B"
"2047";"B"
"2048";"B"
"2049";"B"
"2050";"B"
"2051";"B"
"2052";"B"
"2053";"B"
"2054";"B"
"2055";"B"
"2056";"D"
"2057";"E"
"2058";"E"
"2059";"E"
"2060";"B"
"2061";"E"
"2062";"E"
"2063";"B"
"2064";"E"
"2065";"A"
"2066";"A"
"2067";"A"
"2068";"A"
"2069";"A"
"2070";"B"
"2071";"A"
"2072";"A"
"2073";"A"
"2074";"A"
"2075";"A"
"2076";"A"
"2077";"A"
"2078";"B"
"2079";"A"
"2080";"A"
"2081";"C"
"2082";"E"
"2083";"A"
"2084";"A"
"2085";"B"
"2086";"D"
"2087";"D"
"2088";"D"
"2089";"A"
"2090";"E"
"2091";"E"
"2092";"E"
"2093";"E"
"2094";"B"
"2095";"B"
"2096";"B"
"2097";"B"
"2098";"B"
"2099";"B"
"2100";"B"
"2101";"B"
"2102";"B"
"2103";"B"
"2104";"B"
"2105";"B"
"2106";"B"
"2107";"B"
"2108";"C"
"2109";"C"
"2110";"C"
"2111";"C"
"2112";"E"
"2113";"E"
"2114";"E"
"2115";"E"
"2116";"B"
"2117";"B"
"2118";"B"
"2119";"B"
"2120";"B"
"2121";"E"
"2122";"E"
"2123";"C"
"2124";"E"
"2125";"B"
"2126";"E"
"2127";"B"
"2128";"B"
"2129";"B"
"2130";"B"
"2131";"B"
"2132";"B"
"2133";"B"
"2134";"B"
"2135";"B"
"2136";"B"
"2137";"A"
"2138";"A"
"2139";"C"
"2140";"B"
"2141";"B"
"2142";"B"
"2143";"A"
"2144";"C"
"2145";"B"
"2146";"B"
"2147";"B"
"2148";"B"
"2149";"B"
"2150";"B"
"2151";"B"
"2152";"B"
"2153";"B"
"2154";"B"
"2155";"B"
"2156";"B"
"2157";"C"
"2158";"B"
"2159";"B"
"2160";"B"
"2161";"E"
"2162";"B"
"2163";"B"
"2164";"B"
"2165";"B"
"2166";"B"
"2167";"B"
"2168";"B"
"2169";"B"
"2170";"B"
"2171";"B"
"2172";"B"
"2173";"B"
"2174";"B"
"2175";"B"
"2176";"B"
"2177";"B"
"2178";"B"
"2179";"B"
"2180";"B"
"2181";"B"
"2182";"B"
"2183";"B"
"2184";"B"
"2185";"B"
"2186";"B"
"2187";"B"
"2188";"B"
"2189";"B"
"2190";"B"
"2191";"B"
"2192";"B"
"2193";"C"
"2194";"C"
"2195";"C"
"2196";"B"
"2197";"B"
"2198";"B"
"2199";"B"
"2200";"B"
"2201";"B"
"2202";"A"
"2203";"A"
"2204";"A"
"2205";"A"
"2206";"B"
"2207";"C"
"2208";"C"
"2209";"A"
"2210";"B"
"2211";"E"
"2212";"B"
"2213";"B"
"2214";"B"
"2215";"B"
"2216";"B"
"2217";"B"
"2218";"B"
"2219";"B"
"2220";"D"
"2221";"B"
"2222";"B"
"2223";"A"
"2224";"C"
"2225";"C"
"2226";"C"
"2227";"B"
"2228";"B"
"2229";"B"
"2230";"B"
"2231";"B"
"2232";"B"
"2233";"B"
"2234";"B"
"2235";"B"
"2236";"B"
"2237";"B"
"2238";"B"
"2239";"B"
"2240";"C"
"2241";"C"
"2242";"C"
"2243";"C"
"2244";"B"
"2245";"B"
"2246";"B"
"2247";"B"
"2248";"B"
"2249";"B"
"2250";"B"
"2251";"B"
"2252";"B"
"2253";"C"
"2254";"C"
"2255";"B"
"2256";"C"
"2257";"B"
"2258";"B"
"2259";"C"
"2260";"C"
"2261";"B"
"2262";"B"
"2263";"B"
"2264";"B"
"2265";"B"
"2266";"B"
"2267";"B"
"2268";"B"
"2269";"B"
"2270";"B"
"2271";"B"
"2272";"B"
"2273";"C"
"2274";"D"
"2275";"D"
"2276";"B"
"2277";"B"
"2278";"B"
"2279";"B"
"2280";"B"
"2281";"B"
"2282";"B"
"2283";"B"
"2284";"B"
"2285";"B"
"2286";"B"
"2287";"B"
"2288";"B"
"2289";"B"
"2290";"B"
"2291";"C"
"2292";"B"
"2293";"B"
"2294";"B"
"2295";"B"
"2296";"B"
"2297";"B"
"2298";"B"
"2299";"B"
"2300";"B"
"2301";"B"
"2302";"B"
"2303";"B"
"2304";"B"
"2305";"B"
"2306";"B"
"2307";"B"
"2308";"B"
"2309";"C"
"2310";"D"
"2311";"C"
"2312";"C"
"2313";"E"
"2314";"E"
"2315";"B"
"2316";"B"
"2317";"E"
"2318";"B"
"2319";"B"
"2320";"B"
"2321";"B"
"2322";"B"
"2323";"B"
"2324";"B"
"2325";"B"
"2326";"B"
"2327";"B"
"2328";"B"
"2329";"B"
"2330";"B"
"2331";"B"
"2332";"E"
"2333";"E"
"2334";"E"
"2335";"C"
"2336";"E"
"2337";"B"
"2338";"C"
"2339";"C"
"2340";"C"
"2341";"B"
"2342";"C"
"2343";"B"
"2344";"B"
"2345";"B"
"2346";"B"
"2347";"B"
"2348";"B"
"2349";"B"
"2350";"B"
"2351";"B"
"2352";"B"
"2353";"B"
"2354";"B"
"2355";"B"
"2356";"B"
"2357";"B"
"2358";"B"
"2359";"C"
"2360";"D"
"2361";"B"
"2362";"B"
"2363";"B"
"2364";"B"
"2365";"B"
"2366";"B"
"2367";"B"
"2368";"B"
"2369";"B"
"2370";"B"
"2371";"B"
"2372";"B"
"2373";"B"
"2374";"B"
"2375";"B"
"2376";"B"
"2377";"E"
"2378";"E"
"2379";"A"
"2380";"A"
"2381";"A"
"2382";"A"
"2383";"A"
"2384";"A"
"2385";"B"
"2386";"A"
"2387";"A"
"2388";"A"
"2389";"A"
"2390";"B"
"2391";"B"
"2392";"A"
"2393";"A"
"2394";"A"
"2395";"E"
"2396";"E"
"2397";"A"
"2398";"D"
"2399";"A"
"2400";"B"
"2401";"A"
"2402";"A"
"2403";"A"
"2404";"A"
"2405";"D"
"2406";"D"
"2407";"D"
"2408";"A"
"2409";"A"
"2410";"A"
"2411";"A"
"2412";"A"
"2413";"A"
"2414";"A"
"2415";"A"
"2416";"A"
"2417";"A"
"2418";"A"
"2419";"A"
"2420";"B"
"2421";"A"
"2422";"D"
"2423";"B"
"2424";"B"
"2425";"B"
"2426";"B"
"2427";"B"
"2428";"B"
"2429";"B"
"2430";"B"
"2431";"B"
"2432";"B"
"2433";"B"
"2434";"B"
"2435";"B"
"2436";"B"
"2437";"B"
"2438";"B"
"2439";"B"
"2440";"B"
"2441";"B"
"2442";"B"
"2443";"B"
"2444";"B"
"2445";"B"
"2446";"B"
"2447";"B"
"2448";"B"
"2449";"B"
"2450";"B"
"2451";"B"
"2452";"B"
"2453";"B"
"2454";"B"
"2455";"B"
"2456";"B"
"2457";"B"
"2458";"B"
"2459";"B"
"2460";"B"
"2461";"B"
"2462";"B"
"2463";"B"
"2464";"B"
"2465";"B"
"2466";"B"
"2467";"B"
"2468";"B"
"2469";"B"
"2470";"B"
"2471";"B"
"2472";"B"
"2473";"B"
"2474";"B"
"2475";"B"
"2476";"B"
"2477";"B"
"2478";"B"
"2479";"B"
"2480";"B"
"2481";"B"
"2482";"B"
"2483";"B"
"2484";"B"
"2485";"B"
"2486";"B"
"2487";"B"
"2488";"B"
"2489";"B"
"2490";"B"
"2491";"B"
"2492";"B"
"2493";"B"
"2494";"B"
"2495";"B"
"2496";"B"
"2497";"B"
"2498";"B"
"2499";"B"
"2500";"B"
"2501";"B"
"2502";"B"
"2503";"B"
"2504";"B"
"2505";"B"
"2506";"B"
"2507";"B"
"2508";"B"
"2509";"B"
"2510";"B"
"2511";"B"
"2512";"B"
"2513";"B"
"2514";"B"
"2515";"B"
"2516";"B"
"2517";"B"
"2518";"B"
"2519";"B"
"2520";"B"
"2521";"B"
"2522";"B"
"2523";"B"
"2524";"B"
"2525";"B"
"2526";"B"
"2527";"B"
"2528";"B"
"2529";"B"
"2530";"B"
"2531";"B"
"2532";"B"
"2533";"B"
"2534";"B"
"2535";"B"
"2536";"B"
"2537";"B"
"2538";"B"
"2539";"E"
"2540";"E"
"2541";"E"
"2542";"E"
"2543";"E"
"2544";"B"
"2545";"E"
"2546";"D"
"2547";"B"
"2548";"B"
"2549";"E"
"2550";"B"
"2551";"B"
"2552";"B"
"2553";"B"
"2554";"D"
"2555";"B"
"2556";"B"
"2557";"B"
"2558";"B"
"2559";"E"
"2560";"D"
"2561";"E"
"2562";"E"
"2563";"E"
"2564";"E"
"2565";"C"
"2566";"C"
"2567";"A"
"2568";"C"
"2569";"B"
"2570";"B"
"2571";"E"
"2572";"E"
"2573";"B"
"2574";"E"
"2575";"B"
"2576";"B"
"2577";"B"
"2578";"B"
"2579";"B"
"2580";"B"
"2581";"B"
"2582";"B"
"2583";"B"
"2584";"E"
"2585";"E"
"2586";"E"
"2587";"B"
"2588";"C"
"2589";"C"
"2590";"D"
"2591";"D"
"2592";"A"
"2593";"A"
"2594";"A"
"2595";"A"
"2596";"A"
"2597";"A"
"2598";"A"
"2599";"A"
"2600";"A"
"2601";"B"
"2602";"A"
"2603";"A"
"2604";"B"
"2605";"B"
"2606";"B"
"2607";"A"
"2608";"A"
"2609";"B"
"2610";"A"
"2611";"A"
"2612";"A"
"2613";"A"
"2614";"A"
"2615";"A"
"2616";"B"
"2617";"B"
"2618";"B"
"2619";"D"
"2620";"B"
"2621";"B"
"2622";"B"
"2623";"B"
"2624";"B"
"2625";"B"
"2626";"B"
"2627";"B"
"2628";"B"
"2629";"B"
"2630";"B"
"2631";"B"
"2632";"B"
"2633";"B"
"2634";"B"
"2635";"B"
"2636";"B"
"2637";"B"
"2638";"B"
"2639";"B"
"2640";"B"
"2641";"B"
"2642";"B"
"2643";"B"
"2644";"B"
"2645";"D"
"2646";"D"
"2647";"D"
"2648";"D"
"2649";"D"
"2650";"D"
"2651";"D"
"2652";"C"
"2653";"E"
"2654";"B"
"2655";"B"
"2656";"B"
"2657";"E"
"2658";"E"
"2659";"B"
"2660";"B"
"2661";"D"
"2662";"B"
"2663";"B"
"2664";"B"
"2665";"B"
"2666";"B"
"2667";"B"
"2668";"B"
"2669";"B"
"2670";"B"
"2671";"B"
"2672";"B"
"2673";"B"
"2674";"B"
"2675";"B"
"2676";"B"
"2677";"A"
"2678";"A"
"2679";"C"
"2680";"C"
"2681";"C"
"2682";"C"
"2683";"A"
"2684";"A"
"2685";"A"
"2686";"E"
"2687";"E"
"2688";"E"
"2689";"E"
"2690";"A"
"2691";"A"
"2692";"E"
"2693";"A"
"2694";"B"
"2695";"B"
"2696";"B"
"2697";"B"
"2698";"B"
"2699";"B"
"2700";"B"
"2701";"B"
"2702";"B"
"2703";"B"
"2704";"B"
"2705";"B"
"2706";"B"
"2707";"B"
"2708";"B"
"2709";"B"
"2710";"B"
"2711";"B"
"2712";"B"
"2713";"B"
"2714";"B"
"2715";"B"
"2716";"E"
"2717";"B"
"2718";"A"
"2719";"B"
"2720";"C"
"2721";"B"
"2722";"B"
"2723";"B"
"2724";"B"
"2725";"B"
"2726";"B"
"2727";"B"
"2728";"B"
"2729";"B"
"2730";"B"
"2731";"B"
"2732";"B"
"2733";"B"
"2734";"B"
"2735";"B"
"2736";"B"
"2737";"B"
"2738";"B"
"2739";"B"
"2740";"B"
"2741";"B"
"2742";"B"
"2743";"B"
"2744";"B"
"2745";"B"
"2746";"B"
"2747";"B"
"2748";"B"
"2749";"B"
"2750";"B"
"2751";"A"
"2752";"E"
"2753";"A"
"2754";"B"
"2755";"B"
"2756";"B"
"2757";"B"
"2758";"B"
"2759";"B"
"2760";"C"
"2761";"B"
"2762";"B"
"2763";"B"
"2764";"B"
"2765";"B"
"2766";"B"
"2767";"B"
"2768";"B"
"2769";"B"
"2770";"B"
"2771";"B"
"2772";"B"
"2773";"B"
"2774";"B"
"2775";"B"
"2776";"B"
"2777";"B"
"2778";"E"
"2779";"B"
"2780";"B"
"2781";"B"
"2782";"B"
"2783";"B"
"2784";"B"
"2785";"B"
"2786";"B"
"2787";"B"
"2788";"B"
"2789";"B"
"2790";"B"
"2791";"E"
"2792";"C"
"2793";"C"
"2794";"C"
"2795";"B"
"2796";"B"
"2797";"B"
"2798";"B"
"2799";"B"
"2800";"E"
"2801";"B"
"2802";"B"
"2803";"B"
"2804";"B"
"2805";"B"
"2806";"B"
"2807";"C"
"2808";"C"
"2809";"C"
"2810";"C"
"2811";"C"
"2812";"B"
"2813";"B"
"2814";"B"
"2815";"A"
"2816";"A"
"2817";"A"
"2818";"B"
"2819";"B"
"2820";"B"
"2821";"B"
"2822";"C"
"2823";"C"
"2824";"B"
"2825";"B"
"2826";"B"
"2827";"A"
"2828";"C"
"2829";"A"
"2830";"A"
"2831";"A"
"2832";"C"
"2833";"C"
"2834";"C"
"2835";"C"
"2836";"C"
"2837";"C"
"2838";"C"
"2839";"C"
"2840";"E"
"2841";"E"
"2842";"B"
"2843";"C"
"2844";"C"
"2845";"C"
"2846";"C"
"2847";"C"
"2848";"C"
"2849";"C"
"2850";"A"
"2851";"A"
"2852";"C"
"2853";"C"
"2854";"C"
"2855";"C"
"2856";"C"
"2857";"C"
"2858";"C"
"2859";"C"
"2860";"C"
"2861";"C"
"2862";"C"
"2863";"C"
"2864";"C"
"2865";"A"
"2866";"C"
"2867";"C"
"2868";"C"
"2869";"C"
"2870";"C"
"2871";"C"
"2872";"C"
"2873";"C"
"2874";"C"
"2875";"C"
"2876";"C"
"2877";"C"
"2878";"C"
"2879";"C"
"2880";"C"
"2881";"A"
"2882";"A"
"2883";"C"
"2884";"C"
"2885";"C"
"2886";"C"
"2887";"C"
"2888";"C"
"2889";"C"
"2890";"C"
"2891";"C"
"2892";"C"
"2893";"C"
"2894";"C"
"2895";"C"
"2896";"C"
"2897";"C"
"2898";"C"
"2899";"C"
"2900";"C"
"2901";"C"
"2902";"C"
"2903";"C"
"2904";"C"
"2905";"C"
"2906";"C"
"2907";"A"
"2908";"A"
"2909";"C"
"2910";"C"
"2911";"B"
"2912";"C"
"2913";"C"
"2914";"C"
"2915";"C"
"2916";"C"
"2917";"C"
"2918";"C"
"2919";"C"
"2920";"C"
"2921";"B"
"2922";"B"
"2923";"B"
"2924";"B"
"2925";"C"
"2926";"C"
"2927";"C"
"2928";"C"
"2929";"C"
"2930";"C"
"2931";"C"
"2932";"C"
"2933";"B"
"2934";"B"
"2935";"C"
"2936";"C"
"2937";"C"
"2938";"C"
"2939";"C"
"2940";"C"
"2941";"C"
"2942";"C"
"2943";"C"
"2944";"C"
"2945";"C"
"2946";"C"
"2947";"C"
"2948";"C"
"2949";"C"
"2950";"C"
"2951";"C"
"2952";"C"
"2953";"C"
"2954";"C"
"2955";"C"
"2956";"C"
"2957";"C"
"2958";"C"
"2959";"C"
"2960";"C"
"2961";"C"
"2962";"C"
"2963";"C"
"2964";"C"
"2965";"C"
"2966";"C"
"2967";"C"
"2968";"C"
"2969";"C"
"2970";"C"
"2971";"D"
"2972";"D"
"2973";"C"
"2974";"C"
"2975";"C"
"2976";"C"
"2977";"C"
"2978";"C"
"2979";"C"
"2980";"C"
"2981";"C"
"2982";"A"
"2983";"C"
"2984";"C"
"2985";"C"
"2986";"C"
"2987";"C"
"2988";"C"
"2989";"C"
"2990";"A"
"2991";"C"
"2992";"C"
"2993";"C"
"2994";"C"
"2995";"C"
"2996";"C"
"2997";"C"
"2998";"C"
"2999";"C"
"3000";"C"
"3001";"C"
"3002";"C"
"3003";"C"
"3004";"C"
"3005";"C"
"3006";"C"
"3007";"C"
"3008";"C"
"3009";"C"
"3010";"C"
"3011";"C"
"3012";"C"
"3013";"C"
"3014";"C"
"3015";"C"
"3016";"C"
"3017";"C"
"3018";"C"
"3019";"C"
"3020";"C"
"3021";"C"
"3022";"C"
"3023";"C"
"3024";"C"
"3025";"C"
"3026";"C"
"3027";"C"
"3028";"D"
"3029";"C"
"3030";"C"
"3031";"C"
"3032";"C"
"3033";"C"
"3034";"C"
"3035";"D"
"3036";"D"
"3037";"C"
"3038";"C"
"3039";"D"
"3040";"D"
"3041";"C"
"3042";"C"
"3043";"C"
"3044";"C"
"3045";"E"
"3046";"E"
"3047";"C"
"3048";"B"
"3049";"C"
"3050";"C"
"3051";"C"
"3052";"C"
"3053";"C"
"3054";"C"
"3055";"C"
"3056";"C"
"3057";"C"
"3058";"C"
"3059";"C"
"3060";"C"
"3061";"C"
"3062";"C"
"3063";"C"
"3064";"C"
"3065";"C"
"3066";"B"
"3067";"B"
"3068";"B"
"3069";"C"
"3070";"C"
"3071";"C"
"3072";"C"
"3073";"C"
"3074";"C"
"3075";"C"
"3076";"C"
"3077";"C"
"3078";"C"
"3079";"C"
"3080";"C"
"3081";"C"
"3082";"C"
"3083";"C"
"3084";"C"
"3085";"C"
"3086";"C"
"3087";"C"
"3088";"C"
"3089";"C"
"3090";"C"
"3091";"C"
"3092";"C"
"3093";"C"
"3094";"C"
"3095";"C"
"3096";"C"
"3097";"C"
"3098";"C"
"3099";"C"
"3100";"C"
"3101";"C"
"3102";"C"
"3103";"C"
"3104";"C"
"3105";"C"
"3106";"C"
"3107";"C"
"3108";"C"
"3109";"C"
"3110";"C"
"3111";"C"
"3112";"C"
"3113";"C"
"3114";"C"
"3115";"C"
"3116";"C"
"3117";"C"
"3118";"C"
"3119";"C"
"3120";"C"
"3121";"C"
"3122";"C"
"3123";"C"
"3124";"C"
"3125";"C"
"3126";"C"
"3127";"C"
"3128";"C"
"3129";"C"
"3130";"C"
"3131";"C"
"3132";"C"
"3133";"C"
"3134";"C"
"3135";"C"
"3136";"C"
"3137";"C"
"3138";"C"
"3139";"C"
"3140";"C"
"3141";"C"
"3142";"C"
"3143";"C"
"3144";"C"
"3145";"C"
"3146";"C"
"3147";"C"
"3148";"C"
"3149";"C"
"3150";"C"
"3151";"C"
"3152";"C"
"3153";"C"
"3154";"C"
"3155";"B"
"3156";"C"
"3157";"C"
"3158";"C"
"3159";"C"
"3160";"C"
"3161";"C"
"3162";"C"
"3163";"C"
"3164";"C"
"3165";"C"
"3166";"C"
"3167";"C"
"3168";"C"
"3169";"C"
"3170";"C"
"3171";"C"
"3172";"C"
"3173";"C"
"3174";"C"
"3175";"C"
"3176";"C"
"3177";"C"
"3178";"C"
"3179";"C"
"3180";"C"
"3181";"C"
"3182";"C"
"3183";"C"
"3184";"C"
"3185";"B"
"3186";"B"
"3187";"B"
"3188";"B"
"3189";"B"
"3190";"B"
"3191";"B"
"3192";"C"
"3193";"C"
"3194";"C"
"3195";"C"
"3196";"C"
"3197";"C"
"3198";"C"
"3199";"C"
"3200";"C"
"3201";"C"
"3202";"C"
"3203";"C"
"3204";"C"
"3205";"C"
"3206";"C"
"3207";"C"
"3208";"C"
"3209";"C"
"3210";"C"
"3211";"C"
"3212";"C"
"3213";"C"
"3214";"C"
"3215";"C"
"3216";"C"
"3217";"C"
"3218";"C"
"3219";"C"
"3220";"C"
"3221";"C"
"3222";"D"
"3223";"C"
"3224";"C"
"3225";"C"
"3226";"C"
"3227";"C"
"3228";"C"
"3229";"C"
"3230";"C"
"3231";"C"
"3232";"C"
"3233";"C"
"3234";"C"
"3235";"C"
"3236";"E"
"3237";"C"
"3238";"C"
"3239";"E"
"3240";"E"
"3241";"C"
"3242";"E"
"3243";"C"
"3244";"C"
"3245";"C"
"3246";"C"
"3247";"D"
"3248";"D"
"3249";"C"
"3250";"A"
"3251";"C"
"3252";"E"
"3253";"C"
"3254";"C"
"3255";"C"
"3256";"C"
"3257";"C"
"3258";"C"
"3259";"C"
"3260";"C"
"3261";"A"
"3262";"C"
"3263";"A"
"3264";"C"
"3265";"C"
"3266";"C"
"3267";"E"
"3268";"C"
"3269";"C"
"3270";"E"
"3271";"A"
"3272";"C"
"3273";"C"
"3274";"C"
"3275";"C"
"3276";"C"
"3277";"C"
"3278";"A"
"3279";"A"
"3280";"A"
"3281";"A"
"3282";"E"
"3283";"A"
"3284";"C"
"3285";"C"
"3286";"C"
"3287";"C"
"3288";"D"
"3289";"A"
"3290";"C"
"3291";"A"
"3292";"C"
"3293";"C"
"3294";"E"
"3295";"E"
"3296";"E"
"3297";"C"
"3298";"C"
"3299";"C"
"3300";"A"
"3301";"A"
"3302";"B"
"3303";"C"
"3304";"A"
"3305";"C"
"3306";"E"
"3307";"E"
"3308";"E"
"3309";"E"
"3310";"C"
"3311";"C"
"3312";"C"
"3313";"C"
"3314";"A"
"3315";"A"
"3316";"A"
"3317";"B"
"3318";"D"
"3319";"D"
"3320";"C"
"3321";"C"
"3322";"C"
"3323";"C"
"3324";"C"
"3325";"C"
"3326";"C"
"3327";"C"
"3328";"C"
"3329";"C"
"3330";"C"
"3331";"C"
"3332";"C"
"3333";"C"
"3334";"C"
"3335";"C"
"3336";"C"
"3337";"C"
"3338";"B"
"3339";"B"
"3340";"B"
"3341";"B"
"3342";"B"
"3343";"B"
"3344";"B"
"3345";"E"
"3346";"B"
"3347";"C"
"3348";"B"
"3349";"B"
"3350";"D"
"3351";"C"
"3352";"D"
"3353";"C"
"3354";"C"
"3355";"D"
"3356";"C"
"3357";"C"
"3358";"C"
"3359";"C"
"3360";"C"
"3361";"E"
"3362";"B"
"3363";"B"
"3364";"B"
"3365";"B"
"3366";"E"
"3367";"E"
"3368";"B"
"3369";"B"
"3370";"B"
"3371";"B"
"3372";"B"
"3373";"B"
"3374";"C"
"3375";"E"
"3376";"B"
"3377";"E"
"3378";"E"
"3379";"E"
"3380";"B"
"3381";"B"
"3382";"B"
"3383";"B"
"3384";"B"
"3385";"B"
"3386";"C"
"3387";"B"
"3388";"C"
"3389";"C"
"3390";"E"
"3391";"C"
"3392";"C"
"3393";"C"
"3394";"D"
"3395";"C"
"3396";"C"
"3397";"C"
"3398";"C"
"3399";"A"
"3400";"C"
"3401";"C"
"3402";"A"
"3403";"A"
"3404";"A"
"3405";"A"
"3406";"C"
"3407";"C"
"3408";"B"
"3409";"C"
"3410";"C"
"3411";"C"
"3412";"C"
"3413";"C"
"3414";"C"
"3415";"C"
"3416";"C"
"3417";"C"
"3418";"C"
"3419";"C"
"3420";"C"
"3421";"A"
"3422";"A"
"3423";"C"
"3424";"C"
"3425";"C"
"3426";"C"
"3427";"C"
"3428";"C"
"3429";"C"
"3430";"C"
"3431";"C"
"3432";"C"
"3433";"C"
"3434";"C"
"3435";"C"
"3436";"C"
"3437";"C"
"3438";"C"
"3439";"A"
"3440";"A"
"3441";"A"
"3442";"A"
"3443";"A"
"3444";"A"
"3445";"A"
"3446";"A"
"3447";"A"
"3448";"A"
"3449";"C"
"3450";"C"
"3451";"C"
"3452";"C"
"3453";"C"
"3454";"C"
"3455";"C"
"3456";"C"
"3457";"C"
"3458";"C"
"3459";"C"
"3460";"C"
"3461";"A"
"3462";"A"
"3463";"A"
"3464";"C"
"3465";"C"
"3466";"C"
"3467";"C"
"3468";"B"
"3469";"C"
"3470";"C"
"3471";"C"
"3472";"C"
"3473";"C"
"3474";"C"
"3475";"C"
"3476";"C"
"3477";"A"
"3478";"C"
"3479";"C"
"3480";"C"
"3481";"C"
"3482";"C"
"3483";"C"
"3484";"C"
"3485";"C"
"3486";"C"
"3487";"C"
"3488";"E"
"3489";"E"
"3490";"C"
"3491";"C"
"3492";"C"
"3493";"C"
"3494";"A"
"3495";"A"
"3496";"A"
"3497";"A"
"3498";"A"
"3499";"A"
"3500";"A"
"3501";"A"
"3502";"A"
"3503";"C"
"3504";"C"
"3505";"C"
"3506";"C"
"3507";"C"
"3508";"C"
"3509";"C"
"3510";"C"
"3511";"C"
"3512";"C"
"3513";"C"
"3514";"C"
"3515";"C"
"3516";"C"
"3517";"C"
"3518";"C"
"3519";"C"
"3520";"D"
"3521";"B"
"3522";"C"
"3523";"C"
"3524";"C"
"3525";"C"
"3526";"C"
"3527";"C"
"3528";"C"
"3529";"C"
"3530";"C"
"3531";"C"
"3532";"C"
"3533";"C"
"3534";"C"
"3535";"C"
"3536";"C"
"3537";"C"
"3538";"C"
"3539";"B"
"3540";"C"
"3541";"C"
"3542";"C"
"3543";"C"
"3544";"A"
"3545";"A"
"3546";"A"
"3547";"C"
"3548";"C"
"3549";"C"
"3550";"C"
"3551";"C"
"3552";"C"
"3553";"C"
"3554";"C"
"3555";"C"
"3556";"C"
"3557";"C"
"3558";"C"
"3559";"C"
"3560";"A"
"3561";"A"
"3562";"A"
"3563";"C"
"3564";"C"
"3565";"A"
"3566";"C"
"3567";"C"
"3568";"C"
"3569";"C"
"3570";"C"
"3571";"A"
"3572";"C"
"3573";"C"
"3574";"A"
"3575";"A"
"3576";"B"
"3577";"E"
"3578";"E"
"3579";"B"
"3580";"E"
"3581";"E"
"3582";"E"
"3583";"C"
"3584";"C"
"3585";"C"
"3586";"C"
"3587";"B"
"3588";"B"
"3589";"B"
"3590";"C"
"3591";"C"
"3592";"C"
"3593";"C"
"3594";"C"
"3595";"C"
"3596";"C"
"3597";"C"
"3598";"B"
"3599";"B"
"3600";"E"
"3601";"C"
"3602";"C"
"3603";"C"
"3604";"C"
"3605";"C"
"3606";"C"
"3607";"C"
"3608";"C"
"3609";"C"
"3610";"C"
"3611";"C"
"3612";"C"
"3613";"C"
"3614";"C"
"3615";"C"
"3616";"C"
"3617";"C"
"3618";"C"
"3619";"C"
"3620";"C"
"3621";"C"
"3622";"C"
"3623";"C"
"3624";"C"
"3625";"C"
"3626";"C"
"3627";"C"
"3628";"C"
"3629";"C"
"3630";"C"
"3631";"C"
"3632";"C"
"3633";"C"
"3634";"C"
"3635";"C"
"3636";"C"
"3637";"C"
"3638";"E"
"3639";"C"
"3640";"C"
"3641";"C"
"3642";"C"
"3643";"C"
"3644";"C"
"3645";"C"
"3646";"C"
"3647";"C"
"3648";"E"
"3649";"C"
"3650";"C"
"3651";"C"
"3652";"C"
"3653";"C"
"3654";"C"
"3655";"C"
"3656";"C"
"3657";"C"
"3658";"C"
"3659";"C"
"3660";"C"
"3661";"C"
"3662";"C"
"3663";"C"
"3664";"C"
"3665";"C"
"3666";"C"
"3667";"C"
"3668";"C"
"3669";"C"
"3670";"C"
"3671";"C"
"3672";"C"
"3673";"C"
"3674";"C"
"3675";"C"
"3676";"C"
"3677";"C"
"3678";"C"
"3679";"C"
"3680";"C"
"3681";"C"
"3682";"C"
"3683";"C"
"3684";"C"
"3685";"C"
"3686";"C"
"3687";"C"
"3688";"C"
"3689";"C"
"3690";"C"
"3691";"C"
"3692";"C"
"3693";"C"
"3694";"C"
"3695";"C"
"3696";"C"
"3697";"C"
"3698";"C"
"3699";"C"
"3700";"C"
"3701";"C"
"3702";"C"
"3703";"C"
"3704";"C"
"3705";"C"
"3706";"C"
"3707";"C"
"3708";"C"
"3709";"C"
"3710";"C"
"3711";"C"
"3712";"C"
"3713";"C"
"3714";"C"
"3715";"C"
"3716";"C"
"3717";"C"
"3718";"C"
"3719";"C"
"3720";"C"
"3721";"C"
"3722";"C"
"3723";"C"
"3724";"C"
"3725";"C"
"3726";"C"
"3727";"C"
"3728";"C"
"3729";"C"
"3730";"C"
"3731";"C"
"3732";"C"
"3733";"C"
"3734";"C"
"3735";"C"
"3736";"C"
"3737";"C"
"3738";"C"
"3739";"C"
"3740";"C"
"3741";"C"
"3742";"C"
"3743";"C"
"3744";"C"
"3745";"C"
"3746";"C"
"3747";"C"
"3748";"C"
"3749";"C"
"3750";"C"
"3751";"C"
"3752";"C"
"3753";"C"
"3754";"C"
"3755";"C"
"3756";"C"
"3757";"C"
"3758";"C"
"3759";"A"
"3760";"C"
"3761";"C"
"3762";"A"
"3763";"A"
"3764";"B"
"3765";"B"
"3766";"B"
"3767";"C"
"3768";"C"
"3769";"C"
"3770";"C"
"3771";"C"
"3772";"C"
"3773";"C"
"3774";"C"
"3775";"C"
"3776";"C"
"3777";"C"
"3778";"C"
"3779";"C"
"3780";"C"
"3781";"C"
"3782";"C"
"3783";"C"
"3784";"C"
"3785";"C"
"3786";"C"
"3787";"C"
"3788";"C"
"3789";"C"
"3790";"C"
"3791";"C"
"3792";"C"
"3793";"C"
"3794";"C"
"3795";"C"
"3796";"C"
"3797";"C"
"3798";"C"
"3799";"C"
"3800";"C"
"3801";"C"
"3802";"C"
"3803";"C"
"3804";"C"
"3805";"C"
"3806";"C"
"3807";"C"
"3808";"E"
"3809";"C"
"3810";"C"
"3811";"C"
"3812";"A"
"3813";"C"
"3814";"C"
"3815";"C"
"3816";"C"
"3817";"C"
"3818";"C"
"3819";"C"
"3820";"C"
"3821";"C"
"3822";"C"
"3823";"C"
"3824";"C"
"3825";"C"
"3826";"C"
"3827";"C"
"3828";"C"
"3829";"C"
"3830";"C"
"3831";"C"
"3832";"C"
"3833";"C"
"3834";"C"
"3835";"C"
"3836";"C"
"3837";"C"
"3838";"C"
"3839";"C"
"3840";"D"
"3841";"D"
"3842";"D"
"3843";"D"
"3844";"D"
"3845";"D"
"3846";"D"
"3847";"D"
"3848";"D"
"3849";"D"
"3850";"D"
"3851";"D"
"3852";"D"
"3853";"D"
"3854";"D"
"3855";"B"
"3856";"D"
"3857";"D"
"3858";"D"
"3859";"D"
"3860";"D"
"3861";"D"
"3862";"D"
"3863";"D"
"3864";"D"
"3865";"D"
"3866";"D"
"3867";"D"
"3868";"D"
"3869";"D"
"3870";"D"
"3871";"D"
"3872";"D"
"3873";"D"
"3874";"D"
"3875";"D"
"3876";"D"
"3877";"D"
"3878";"D"
"3879";"D"
"3880";"D"
"3881";"D"
"3882";"A"
"3883";"A"
"3884";"D"
"3885";"D"
"3886";"A"
"3887";"D"
"3888";"A"
"3889";"A"
"3890";"D"
"3891";"D"
"3892";"D"
"3893";"D"
"3894";"D"
"3895";"C"
"3896";"D"
"3897";"A"
"3898";"C"
"3899";"C"
"3900";"C"
"3901";"C"
"3902";"C"
"3903";"A"
"3904";"A"
"3905";"C"
"3906";"C"
"3907";"C"
"3908";"C"
"3909";"D"
"3910";"D"
"3911";"D"
"3912";"D"
"3913";"D"
"3914";"D"
"3915";"D"
"3916";"D"
"3917";"A"
"3918";"D"
"3919";"D"
"3920";"D"
"3921";"D"
"3922";"D"
"3923";"D"
"3924";"D"
"3925";"D"
"3926";"A"
"3927";"D"
"3928";"D"
"3929";"A"
"3930";"D"
"3931";"D"
"3932";"D"
"3933";"D"
"3934";"D"
"3935";"D"
"3936";"D"
"3937";"D"
"3938";"D"
"3939";"D"
"3940";"D"
"3941";"D"
"3942";"D"
"3943";"A"
"3944";"D"
"3945";"D"
"3946";"D"
"3947";"B"
"3948";"B"
"3949";"D"
"3950";"D"
"3951";"D"
"3952";"D"
"3953";"D"
"3954";"A"
"3955";"A"
"3956";"D"
"3957";"D"
"3958";"D"
"3959";"A"
"3960";"D"
"3961";"D"
"3962";"D"
"3963";"D"
"3964";"D"
"3965";"D"
"3966";"D"
"3967";"D"
"3968";"D"
"3969";"D"
"3970";"D"
"3971";"D"
"3972";"D"
"3973";"D"
"3974";"D"
"3975";"D"
"3976";"D"
"3977";"D"
"3978";"D"
"3979";"D"
"3980";"D"
"3981";"D"
"3982";"D"
"3983";"D"
"3984";"D"
"3985";"D"
"3986";"D"
"3987";"D"
"3988";"D"
"3989";"D"
"3990";"D"
"3991";"D"
"3992";"D"
"3993";"D"
"3994";"D"
"3995";"D"
"3996";"D"
"3997";"D"
"3998";"D"
"3999";"D"
"4000";"D"
"4001";"D"
"4002";"D"
"4003";"D"
"4004";"D"
"4005";"D"
"4006";"D"
"4007";"D"
"4008";"D"
"4009";"D"
"4010";"D"
"4011";"D"
"4012";"D"
"4013";"D"
"4014";"D"
"4015";"D"
"4016";"D"
"4017";"D"
"4018";"D"
"4019";"D"
"4020";"D"
"4021";"D"
"4022";"D"
"4023";"D"
"4024";"D"
"4025";"D"
"4026";"D"
"4027";"D"
"4028";"D"
"4029";"D"
"4030";"D"
"4031";"D"
"4032";"D"
"4033";"D"
"4034";"D"
"4035";"D"
"4036";"D"
"4037";"D"
"4038";"D"
"4039";"D"
"4040";"D"
"4041";"D"
"4042";"D"
"4043";"D"
"4044";"D"
"4045";"D"
"4046";"D"
"4047";"D"
"4048";"D"
"4049";"D"
"4050";"D"
"4051";"D"
"4052";"D"
"4053";"D"
"4054";"D"
"4055";"D"
"4056";"D"
"4057";"D"
"4058";"D"
"4059";"D"
"4060";"D"
"4061";"D"
"4062";"D"
"4063";"D"
"4064";"D"
"4065";"D"
"4066";"D"
"4067";"D"
"4068";"D"
"4069";"D"
"4070";"D"
"4071";"D"
"4072";"D"
"4073";"D"
"4074";"D"
"4075";"D"
"4076";"D"
"4077";"D"
"4078";"E"
"4079";"D"
"4080";"D"
"4081";"D"
"4082";"D"
"4083";"D"
"4084";"D"
"4085";"D"
"4086";"D"
"4087";"D"
"4088";"D"
"4089";"D"
"4090";"D"
"4091";"D"
"4092";"D"
"4093";"D"
"4094";"D"
"4095";"D"
"4096";"D"
"4097";"D"
"4098";"D"
"4099";"D"
"4100";"D"
"4101";"D"
"4102";"D"
"4103";"D"
"4104";"D"
"4105";"D"
"4106";"D"
"4107";"D"
"4108";"D"
"4109";"E"
"4110";"E"
"4111";"E"
"4112";"E"
"4113";"E"
"4114";"E"
"4115";"D"
"4116";"E"
"4117";"D"
"4118";"D"
"4119";"D"
"4120";"D"
"4121";"C"
"4122";"C"
"4123";"C"
"4124";"D"
"4125";"D"
"4126";"D"
"4127";"A"
"4128";"A"
"4129";"D"
"4130";"D"
"4131";"D"
"4132";"D"
"4133";"D"
"4134";"D"
"4135";"D"
"4136";"D"
"4137";"D"
"4138";"D"
"4139";"D"
"4140";"D"
"4141";"D"
"4142";"D"
"4143";"D"
"4144";"D"
"4145";"D"
"4146";"D"
"4147";"D"
"4148";"D"
"4149";"D"
"4150";"D"
"4151";"D"
"4152";"D"
"4153";"C"
"4154";"B"
"4155";"D"
"4156";"E"
"4157";"D"
"4158";"E"
"4159";"E"
"4160";"D"
"4161";"D"
"4162";"A"
"4163";"C"
"4164";"D"
"4165";"D"
"4166";"E"
"4167";"C"
"4168";"D"
"4169";"D"
"4170";"D"
"4171";"D"
"4172";"D"
"4173";"D"
"4174";"D"
"4175";"E"
"4176";"E"
"4177";"E"
"4178";"D"
"4179";"D"
"4180";"D"
"4181";"D"
"4182";"D"
"4183";"D"
"4184";"D"
"4185";"D"
"4186";"D"
"4187";"D"
"4188";"D"
"4189";"D"
"4190";"E"
"4191";"E"
"4192";"A"
"4193";"D"
"4194";"D"
"4195";"D"
"4196";"C"
"4197";"C"
"4198";"C"
"4199";"C"
"4200";"D"
"4201";"D"
"4202";"D"
"4203";"C"
"4204";"C"
"4205";"C"
"4206";"D"
"4207";"B"
"4208";"D"
"4209";"D"
"4210";"D"
"4211";"D"
"4212";"D"
"4213";"D"
"4214";"D"
"4215";"D"
"4216";"D"
"4217";"D"
"4218";"D"
"4219";"D"
"4220";"D"
"4221";"E"
"4222";"B"
"4223";"D"
"4224";"E"
"4225";"D"
"4226";"D"
"4227";"D"
"4228";"D"
"4229";"D"
"4230";"D"
"4231";"D"
"4232";"D"
"4233";"D"
"4234";"D"
"4235";"D"
"4236";"D"
"4237";"D"
"4238";"D"
"4239";"D"
"4240";"D"
"4241";"D"
"4242";"D"
"4243";"D"
"4244";"D"
"4245";"D"
"4246";"D"
"4247";"D"
"4248";"D"
"4249";"D"
"4250";"D"
"4251";"C"
"4252";"C"
"4253";"C"
"4254";"C"
"4255";"C"
"4256";"A"
"4257";"A"
"4258";"A"
"4259";"A"
"4260";"A"
"4261";"A"
"4262";"A"
"4263";"D"
"4264";"D"
"4265";"A"
"4266";"A"
"4267";"A"
"4268";"A"
"4269";"A"
"4270";"B"
"4271";"B"
"4272";"B"
"4273";"A"
"4274";"D"
"4275";"B"
"4276";"A"
"4277";"A"
"4278";"A"
"4279";"A"
"4280";"A"
"4281";"A"
"4282";"A"
"4283";"A"
"4284";"A"
"4285";"A"
"4286";"A"
"4287";"D"
"4288";"D"
"4289";"D"
"4290";"A"
"4291";"D"
"4292";"A"
"4293";"A"
"4294";"D"
"4295";"D"
"4296";"D"
"4297";"D"
"4298";"D"
"4299";"D"
"4300";"D"
"4301";"C"
"4302";"D"
"4303";"D"
"4304";"A"
"4305";"A"
"4306";"A"
"4307";"D"
"4308";"D"
"4309";"D"
"4310";"A"
"4311";"A"
"4312";"A"
"4313";"D"
"4314";"A"
"4315";"A"
"4316";"D"
"4317";"D"
"4318";"D"
"4319";"D"
"4320";"D"
"4321";"D"
"4322";"D"
"4323";"D"
"4324";"D"
"4325";"D"
"4326";"D"
"4327";"D"
"4328";"D"
"4329";"D"
"4330";"D"
"4331";"A"
"4332";"D"
"4333";"B"
"4334";"B"
"4335";"C"
"4336";"C"
"4337";"C"
"4338";"C"
"4339";"C"
"4340";"C"
"4341";"C"
"4342";"C"
"4343";"C"
"4344";"D"
"4345";"D"
"4346";"D"
"4347";"D"
"4348";"D"
"4349";"D"
"4350";"D"
"4351";"D"
"4352";"D"
"4353";"C"
"4354";"C"
"4355";"D"
"4356";"D"
"4357";"D"
"4358";"D"
"4359";"D"
"4360";"D"
"4361";"D"
"4362";"C"
"4363";"E"
"4364";"A"
"4365";"A"
"4366";"D"
"4367";"D"
"4368";"D"
"4369";"D"
"4370";"D"
"4371";"D"
"4372";"D"
"4373";"D"
"4374";"D"
"4375";"A"
"4376";"A"
"4377";"D"
"4378";"D"
"4379";"D"
"4380";"D"
"4381";"D"
"4382";"D"
"4383";"D"
"4384";"D"
"4385";"D"
"4386";"D"
"4387";"D"
"4388";"D"
"4389";"E"
"4390";"D"
"4391";"D"
"4392";"D"
"4393";"D"
"4394";"D"
"4395";"D"
"4396";"D"
"4397";"D"
"4398";"D"
"4399";"D"
"4400";"D"
"4401";"D"
"4402";"D"
"4403";"D"
"4404";"D"
"4405";"D"
"4406";"D"
"4407";"D"
"4408";"D"
"4409";"D"
"4410";"D"
"4411";"D"
"4412";"E"
"4413";"D"
"4414";"D"
"4415";"D"
"4416";"D"
"4417";"D"
"4418";"D"
"4419";"D"
"4420";"D"
"4421";"D"
"4422";"D"
"4423";"D"
"4424";"D"
"4425";"D"
"4426";"D"
"4427";"D"
"4428";"D"
"4429";"D"
"4430";"D"
"4431";"D"
"4432";"D"
"4433";"D"
"4434";"D"
"4435";"D"
"4436";"D"
"4437";"D"
"4438";"D"
"4439";"D"
"4440";"D"
"4441";"D"
"4442";"D"
"4443";"D"
"4444";"D"
"4445";"D"
"4446";"D"
"4447";"D"
"4448";"D"
"4449";"D"
"4450";"D"
"4451";"D"
"4452";"D"
"4453";"D"
"4454";"D"
"4455";"D"
"4456";"D"
"4457";"D"
"4458";"D"
"4459";"D"
"4460";"D"
"4461";"D"
"4462";"C"
"4463";"C"
"4464";"C"
"4465";"C"
"4466";"C"
"4467";"C"
"4468";"A"
"4469";"C"
"4470";"C"
"4471";"C"
"4472";"C"
"4473";"C"
"4474";"D"
"4475";"C"
"4476";"C"
"4477";"C"
"4478";"C"
"4479";"C"
"4480";"C"
"4481";"C"
"4482";"C"
"4483";"C"
"4484";"C"
"4485";"D"
"4486";"D"
"4487";"D"
"4488";"D"
"4489";"D"
"4490";"D"
"4491";"D"
"4492";"D"
"4493";"D"
"4494";"D"
"4495";"D"
"4496";"D"
"4497";"B"
"4498";"B"
"4499";"B"
"4500";"B"
"4501";"D"
"4502";"D"
"4503";"D"
"4504";"D"
"4505";"D"
"4506";"D"
"4507";"D"
"4508";"D"
"4509";"D"
"4510";"D"
"4511";"D"
"4512";"D"
"4513";"D"
"4514";"D"
"4515";"D"
"4516";"D"
"4517";"D"
"4518";"D"
"4519";"D"
"4520";"B"
"4521";"D"
"4522";"D"
"4523";"D"
"4524";"D"
"4525";"D"
"4526";"D"
"4527";"D"
"4528";"D"
"4529";"D"
"4530";"D"
"4531";"D"
"4532";"D"
"4533";"D"
"4534";"D"
"4535";"D"
"4536";"D"
"4537";"A"
"4538";"A"
"4539";"A"
"4540";"E"
"4541";"B"
"4542";"B"
"4543";"D"
"4544";"D"
"4545";"D"
"4546";"D"
"4547";"D"
"4548";"E"
"4549";"E"
"4550";"E"
"4551";"E"
"4552";"D"
"4553";"E"
"4554";"E"
"4555";"E"
"4556";"E"
"4557";"E"
"4558";"D"
"4559";"D"
"4560";"E"
"4561";"E"
"4562";"D"
"4563";"D"
"4564";"D"
"4565";"D"
"4566";"D"
"4567";"D"
"4568";"D"
"4569";"D"
"4570";"D"
"4571";"D"
"4572";"A"
"4573";"D"
"4574";"D"
"4575";"D"
"4576";"D"
"4577";"D"
"4578";"A"
"4579";"D"
"4580";"D"
"4581";"A"
"4582";"C"
"4583";"D"
"4584";"D"
"4585";"D"
"4586";"C"
"4587";"A"
"4588";"A"
"4589";"C"
"4590";"A"
"4591";"C"
"4592";"A"
"4593";"A"
"4594";"B"
"4595";"A"
"4596";"A"
"4597";"C"
"4598";"C"
"4599";"C"
"4600";"C"
"4601";"C"
"4602";"C"
"4603";"C"
"4604";"A"
"4605";"C"
"4606";"C"
"4607";"C"
"4608";"C"
"4609";"C"
"4610";"C"
"4611";"C"
"4612";"C"
"4613";"A"
"4614";"A"
"4615";"A"
"4616";"A"
"4617";"A"
"4618";"A"
"4619";"A"
"4620";"A"
"4621";"D"
"4622";"D"
"4623";"D"
"4624";"D"
"4625";"D"
"4626";"D"
"4627";"D"
"4628";"D"
"4629";"D"
"4630";"D"
"4631";"D"
"4632";"D"
"4633";"D"
"4634";"D"
"4635";"D"
"4636";"D"
"4637";"D"
"4638";"D"
"4639";"D"
"4640";"D"
"4641";"D"
"4642";"D"
"4643";"D"
"4644";"D"
"4645";"D"
"4646";"D"
"4647";"D"
"4648";"D"
"4649";"D"
"4650";"D"
"4651";"D"
"4652";"D"
"4653";"D"
"4654";"D"
"4655";"D"
"4656";"D"
"4657";"D"
"4658";"D"
"4659";"D"
"4660";"D"
"4661";"D"
"4662";"D"
"4663";"D"
"4664";"D"
"4665";"D"
"4666";"D"
"4667";"D"
"4668";"D"
"4669";"D"
"4670";"D"
"4671";"D"
"4672";"D"
"4673";"D"
"4674";"D"
"4675";"D"
"4676";"D"
"4677";"D"
"4678";"D"
"4679";"D"
"4680";"D"
"4681";"D"
"4682";"D"
"4683";"D"
"4684";"D"
"4685";"D"
"4686";"D"
"4687";"D"
"4688";"D"
"4689";"A"
"4690";"D"
"4691";"D"
"4692";"D"
"4693";"D"
"4694";"D"
"4695";"D"
"4696";"D"
"4697";"D"
"4698";"D"
"4699";"D"
"4700";"A"
"4701";"A"
"4702";"A"
"4703";"D"
"4704";"D"
"4705";"D"
"4706";"D"
"4707";"D"
"4708";"D"
"4709";"D"
"4710";"D"
"4711";"D"
"4712";"D"
"4713";"D"
"4714";"D"
"4715";"D"
"4716";"D"
"4717";"D"
"4718";"D"
"4719";"E"
"4720";"D"
"4721";"D"
"4722";"D"
"4723";"D"
"4724";"D"
"4725";"D"
"4726";"D"
"4727";"E"
"4728";"E"
"4729";"D"
"4730";"D"
"4731";"D"
"4732";"D"
"4733";"D"
"4734";"D"
"4735";"D"
"4736";"D"
"4737";"D"
"4738";"D"
"4739";"D"
"4740";"D"
"4741";"D"
"4742";"D"
"4743";"D"
"4744";"A"
"4745";"D"
"4746";"C"
"4747";"D"
"4748";"D"
"4749";"D"
"4750";"D"
"4751";"B"
"4752";"A"
"4753";"D"
"4754";"D"
"4755";"C"
"4756";"C"
"4757";"C"
"4758";"C"
"4759";"D"
"4760";"D"
"4761";"D"
"4762";"D"
"4763";"D"
"4764";"D"
"4765";"D"
"4766";"D"
"4767";"D"
"4768";"D"
"4769";"D"
"4770";"D"
"4771";"D"
"4772";"D"
"4773";"D"
"4774";"D"
"4775";"D"
"4776";"D"
"4777";"D"
"4778";"D"
"4779";"D"
"4780";"D"
"4781";"D"
"4782";"D"
"4783";"D"
"4784";"D"
"4785";"D"
"4786";"D"
"4787";"D"
"4788";"D"
"4789";"D"
"4790";"B"
"4791";"D"
"4792";"D"
"4793";"D"
"4794";"D"
"4795";"D"
"4796";"D"
"4797";"D"
"4798";"D"
"4799";"D"
"4800";"D"
"4801";"D"
"4802";"D"
"4803";"D"
"4804";"E"
"4805";"D"
"4806";"D"
"4807";"E"
"4808";"D"
"4809";"E"
"4810";"E"
"4811";"E"
"4812";"E"
"4813";"E"
"4814";"E"
"4815";"E"
"4816";"E"
"4817";"C"
"4818";"E"
"4819";"E"
"4820";"E"
"4821";"E"
"4822";"E"
"4823";"E"
"4824";"E"
"4825";"E"
"4826";"E"
"4827";"E"
"4828";"E"
"4829";"E"
"4830";"B"
"4831";"E"
"4832";"E"
"4833";"E"
"4834";"E"
"4835";"E"
"4836";"E"
"4837";"E"
"4838";"E"
"4839";"E"
"4840";"E"
"4841";"E"
"4842";"E"
"4843";"E"
"4844";"E"
"4845";"E"
"4846";"E"
"4847";"E"
"4848";"E"
"4849";"E"
"4850";"E"
"4851";"E"
"4852";"E"
"4853";"E"
"4854";"E"
"4855";"E"
"4856";"E"
"4857";"E"
"4858";"E"
"4859";"E"
"4860";"E"
"4861";"E"
"4862";"E"
"4863";"C"
"4864";"B"
"4865";"B"
"4866";"E"
"4867";"B"
"4868";"B"
"4869";"E"
"4870";"D"
"4871";"E"
"4872";"C"
"4873";"C"
"4874";"E"
"4875";"E"
"4876";"E"
"4877";"E"
"4878";"E"
"4879";"E"
"4880";"E"
"4881";"E"
"4882";"E"
"4883";"E"
"4884";"B"
"4885";"D"
"4886";"B"
"4887";"A"
"4888";"D"
"4889";"E"
"4890";"E"
"4891";"C"
"4892";"C"
"4893";"E"
"4894";"E"
"4895";"E"
"4896";"E"
"4897";"E"
"4898";"E"
"4899";"D"
"4900";"B"
"4901";"D"
"4902";"E"
"4903";"E"
"4904";"E"
"4905";"E"
"4906";"E"
"4907";"E"
"4908";"E"
"4909";"E"
"4910";"E"
"4911";"E"
"4912";"E"
"4913";"E"
"4914";"E"
"4915";"E"
"4916";"E"
"4917";"B"
"4918";"E"
"4919";"E"
"4920";"A"
"4921";"E"
"4922";"E"
"4923";"C"
"4924";"B"
"4925";"B"
"4926";"B"
"4927";"E"
"4928";"E"
"4929";"B"
"4930";"E"
"4931";"E"
"4932";"E"
"4933";"E"
"4934";"D"
"4935";"E"
"4936";"E"
"4937";"E"
"4938";"E"
"4939";"E"
"4940";"E"
"4941";"E"
"4942";"E"
"4943";"E"
"4944";"B"
"4945";"B"
"4946";"C"
"4947";"C"
"4948";"E"
"4949";"C"
"4950";"E"
"4951";"E"
"4952";"E"
"4953";"E"
"4954";"E"
"4955";"E"
"4956";"E"
"4957";"B"
"4958";"B"
"4959";"C"
"4960";"E"
"4961";"C"
"4962";"C"
"4963";"C"
"4964";"C"
"4965";"E"
"4966";"A"
"4967";"E"
"4968";"E"
"4969";"E"
"4970";"E"
"4971";"D"
"4972";"E"
"4973";"C"
"4974";"E"
"4975";"A"
"4976";"E"
"4977";"E"
"4978";"E"
"4979";"E"
"4980";"E"
"4981";"E"
"4982";"B"
"4983";"A"
"4984";"E"
"4985";"E"
"4986";"C"
"4987";"E"
"4988";"A"
"4989";"B"
"4990";"B"
"4991";"A"
"4992";"A"
"4993";"A"
"4994";"C"
"4995";"C"
"4996";"C"
"4997";"C"
"4998";"E"
"4999";"C"
"5000";"E"
"5001";"E"
"5002";"E"
"5003";"E"
"5004";"E"
"5005";"C"
"5006";"C"
"5007";"C"
"5008";"C"
"5009";"D"
"5010";"D"
"5011";"A"
"5012";"A"
"5013";"E"
"5014";"E"
"5015";"E"
"5016";"E"
"5017";"E"
"5018";"D"
"5019";"E"
"5020";"A"
"5021";"E"
"5022";"E"
"5023";"E"
"5024";"E"
"5025";"E"
"5026";"E"
"5027";"E"
"5028";"E"
"5029";"A"
"5030";"E"
"5031";"E"
"5032";"E"
"5033";"E"
"5034";"E"
"5035";"E"
"5036";"C"
"5037";"E"
"5038";"B"
"5039";"B"
"5040";"A"
"5041";"E"
"5042";"E"
"5043";"E"
"5044";"B"
"5045";"A"
"5046";"E"
"5047";"E"
"5048";"E"
"5049";"E"
"5050";"E"
"5051";"E"
"5052";"E"
"5053";"D"
"5054";"E"
"5055";"E"
"5056";"E"
"5057";"E"
"5058";"E"
"5059";"E"
"5060";"E"
"5061";"E"
"5062";"E"
"5063";"E"
"5064";"E"
"5065";"E"
"5066";"E"
"5067";"E"
"5068";"E"
"5069";"E"
"5070";"E"
"5071";"E"
"5072";"E"
"5073";"E"
"5074";"E"
"5075";"E"
"5076";"E"
"5077";"E"
"5078";"E"
"5079";"E"
"5080";"E"
"5081";"E"
"5082";"E"
"5083";"E"
"5084";"E"
"5085";"E"
"5086";"E"
"5087";"E"
"5088";"E"
"5089";"E"
"5090";"E"
"5091";"E"
"5092";"E"
"5093";"E"
"5094";"E"
"5095";"E"
"5096";"E"
"5097";"E"
"5098";"E"
"5099";"E"
"5100";"E"
"5101";"E"
"5102";"E"
"5103";"E"
"5104";"E"
"5105";"E"
"5106";"E"
"5107";"E"
"5108";"E"
"5109";"E"
"5110";"E"
"5111";"E"
"5112";"E"
"5113";"E"
"5114";"E"
"5115";"E"
"5116";"E"
"5117";"E"
"5118";"E"
"5119";"E"
"5120";"E"
"5121";"E"
"5122";"E"
"5123";"E"
"5124";"D"
"5125";"D"
"5126";"E"
"5127";"E"
"5128";"E"
"5129";"E"
"5130";"E"
"5131";"E"
"5132";"E"
"5133";"E"
"5134";"E"
"5135";"E"
"5136";"E"
"5137";"E"
"5138";"E"
"5139";"E"
"5140";"E"
"5141";"E"
"5142";"E"
"5143";"C"
"5144";"E"
"5145";"E"
"5146";"E"
"5147";"D"
"5148";"E"
"5149";"E"
"5150";"E"
"5151";"E"
"5152";"E"
"5153";"E"
"5154";"E"
"5155";"E"
"5156";"E"
"5157";"E"
"5158";"E"
"5159";"E"
"5160";"E"
"5161";"E"
"5162";"E"
"5163";"E"
"5164";"E"
"5165";"E"
"5166";"E"
"5167";"E"
"5168";"E"
"5169";"E"
"5170";"E"
"5171";"E"
"5172";"E"
"5173";"E"
"5174";"B"
"5175";"E"
"5176";"E"
"5177";"E"
"5178";"E"
"5179";"E"
"5180";"E"
"5181";"E"
"5182";"E"
"5183";"E"
"5184";"E"
"5185";"E"
"5186";"E"
"5187";"E"
"5188";"E"
"5189";"E"
"5190";"E"
"5191";"E"
"5192";"E"
"5193";"E"
"5194";"E"
"5195";"E"
"5196";"E"
"5197";"E"
"5198";"E"
"5199";"E"
"5200";"E"
"5201";"E"
"5202";"E"
"5203";"E"
"5204";"E"
"5205";"E"
"5206";"E"
"5207";"E"
"5208";"E"
"5209";"E"
"5210";"E"
"5211";"E"
"5212";"E"
"5213";"E"
"5214";"E"
"5215";"E"
"5216";"E"
"5217";"E"
"5218";"E"
"5219";"E"
"5220";"E"
"5221";"C"
"5222";"D"
"5223";"E"
"5224";"E"
"5225";"C"
"5226";"C"
"5227";"C"
"5228";"E"
"5229";"E"
"5230";"E"
"5231";"E"
"5232";"E"
"5233";"E"
"5234";"E"
"5235";"E"
"5236";"E"
"5237";"E"
"5238";"E"
"5239";"E"
"5240";"E"
"5241";"E"
"5242";"E"
"5243";"C"
"5244";"E"
"5245";"E"
"5246";"C"
"5247";"C"
"5248";"C"
"5249";"C"
"5250";"E"
"5251";"C"
"5252";"C"
"5253";"E"
"5254";"E"
"5255";"E"
"5256";"E"
"5257";"E"
"5258";"E"
"5259";"E"
"5260";"E"
"5261";"E"
"5262";"E"
"5263";"E"
"5264";"E"
"5265";"E"
"5266";"E"
"5267";"D"
"5268";"D"
"5269";"D"
"5270";"E"
"5271";"D"
"5272";"D"
"5273";"D"
"5274";"B"
"5275";"E"
"5276";"E"
"5277";"E"
"5278";"E"
"5279";"E"
"5280";"D"
"5281";"E"
"5282";"E"
"5283";"E"
"5284";"E"
"5285";"E"
"5286";"E"
"5287";"E"
"5288";"E"
"5289";"E"
"5290";"E"
"5291";"E"
"5292";"E"
"5293";"B"
"5294";"B"
"5295";"E"
"5296";"E"
"5297";"E"
"5298";"E"
"5299";"E"
"5300";"E"
"5301";"E"
"5302";"E"
"5303";"E"
"5304";"E"
"5305";"E"
"5306";"E"
"5307";"E"
"5308";"E"
"5309";"E"
"5310";"E"
"5311";"E"
"5312";"E"
"5313";"E"
"5314";"E"
"5315";"E"
"5316";"D"
"5317";"E"
"5318";"E"
"5319";"E"
"5320";"E"
"5321";"E"
"5322";"E"
"5323";"E"
"5324";"E"
"5325";"E"
"5326";"E"
"5327";"D"
"5328";"E"
"5329";"E"
"5330";"E"
"5331";"E"
"5332";"E"
"5333";"E"
"5334";"E"
"5335";"E"
"5336";"E"
"5337";"E"
"5338";"E"
"5339";"E"
"5340";"E"
"5341";"E"
"5342";"E"
"5343";"E"
"5344";"E"
"5345";"E"
"5346";"E"
"5347";"E"
"5348";"E"
"5349";"E"
"5350";"E"
"5351";"E"
"5352";"E"
"5353";"E"
"5354";"E"
"5355";"E"
"5356";"E"
"5357";"E"
"5358";"E"
"5359";"E"
"5360";"E"
"5361";"E"
"5362";"E"
"5363";"E"
"5364";"E"
"5365";"E"
"5366";"E"
"5367";"E"
"5368";"E"
"5369";"E"
"5370";"E"
"5371";"E"
"5372";"E"
"5373";"E"
"5374";"E"
"5375";"E"
"5376";"E"
"5377";"E"
"5378";"E"
"5379";"E"
"5380";"E"
"5381";"E"
"5382";"E"
"5383";"E"
"5384";"E"
"5385";"E"
"5386";"E"
"5387";"E"
"5388";"E"
"5389";"D"
"5390";"D"
"5391";"E"
"5392";"D"
"5393";"D"
"5394";"E"
"5395";"D"
"5396";"E"
"5397";"E"
"5398";"E"
"5399";"D"
"5400";"D"
"5401";"D"
"5402";"D"
"5403";"D"
"5404";"D"
"5405";"D"
"5406";"D"
"5407";"E"
"5408";"E"
"5409";"E"
"5410";"E"
"5411";"E"
"5412";"E"
"5413";"E"
"5414";"E"
"5415";"E"
"5416";"E"
"5417";"E"
"5418";"E"
"5419";"E"
"5420";"E"
"5421";"E"
"5422";"E"
"5423";"E"
"5424";"E"
"5425";"E"
"5426";"E"
"5427";"E"
"5428";"E"
"5429";"E"
"5430";"E"
"5431";"E"
"5432";"E"
"5433";"C"
"5434";"E"
"5435";"E"
"5436";"E"
"5437";"C"
"5438";"E"
"5439";"E"
"5440";"E"
"5441";"E"
"5442";"E"
"5443";"E"
"5444";"E"
"5445";"E"
"5446";"E"
"5447";"C"
"5448";"C"
"5449";"E"
"5450";"E"
"5451";"E"
"5452";"E"
"5453";"E"
"5454";"E"
"5455";"E"
"5456";"B"
"5457";"E"
"5458";"A"
"5459";"A"
"5460";"E"
"5461";"E"
"5462";"E"
"5463";"E"
"5464";"E"
"5465";"E"
"5466";"E"
"5467";"C"
"5468";"E"
"5469";"E"
"5470";"D"
"5471";"D"
"5472";"E"
"5473";"E"
"5474";"B"
"5475";"E"
"5476";"E"
"5477";"E"
"5478";"E"
"5479";"D"
"5480";"E"
"5481";"E"
"5482";"E"
"5483";"E"
"5484";"E"
"5485";"E"
"5486";"A"
"5487";"C"
"5488";"E"
"5489";"B"
"5490";"D"
"5491";"E"
"5492";"E"
"5493";"E"
"5494";"E"
"5495";"E"
"5496";"E"
"5497";"E"
"5498";"E"
"5499";"B"
"5500";"C"
"5501";"A"
"5502";"E"
"5503";"E"
"5504";"E"
"5505";"C"
"5506";"C"
"5507";"E"
"5508";"A"
"5509";"C"
"5510";"C"
"5511";"C"
"5512";"C"
"5513";"B"
"5514";"B"
"5515";"A"
"5516";"D"
"5517";"D"
"5518";"E"
"5519";"B"
"5520";"D"
"5521";"E"
"5522";"E"
"5523";"D"
"5524";"E"
"5525";"E"
"5526";"E"
"5527";"E"
"5528";"D"
"5529";"D"
"5530";"D"
"5531";"E"
"5532";"D"
"5533";"D"
"5534";"E"
"5535";"E"
"5536";"E"
"5537";"D"
"5538";"E"
"5539";"A"
"5540";"E"
"5541";"D"
"5542";"E"
"5543";"E"
"5544";"D"
"5545";"D"
"5546";"D"
"5547";"D"
"5548";"D"
"5549";"D"
"5550";"D"
"5551";"E"
"5552";"E"
"5553";"A"
"5554";"E"
"5555";"E"
"5556";"E"
"5557";"E"
"5558";"E"
"5559";"E"
"5560";"E"
"5561";"E"
"5562";"D"
"5563";"D"
"5564";"E"
"5565";"E"
"5566";"D"
"5567";"B"
"5568";"B"
"5569";"B"
"5570";"E"
"5571";"E"
"5572";"E"
"5573";"E"
"5574";"E"
"5575";"B"
"5576";"B"
"5577";"E"
"5578";"E"
"5579";"E"
"5580";"E"
"5581";"C"
"5582";"A"
"5583";"E"
"5584";"E"
"5585";"C"
"5586";"E"
"5587";"E"
"5588";"E"
"5589";"E"
"5590";"E"
"5591";"A"
"5592";"C"
"5593";"C"
"5594";"C"
"5595";"C"
"5596";"E"
"5597";"E"
"5598";"E"
"5599";"E"
"5600";"E"
"5601";"E"
"5602";"E"
"5603";"E"
"5604";"B"
"5605";"E"
"5606";"E"
"5607";"A"
"5608";"E"
"5609";"A"
"5610";"E"
"5611";"C"
"5612";"E"
"5613";"E"
"5614";"E"
"5615";"E"
"5616";"E"
"5617";"E"
"5618";"E"
"5619";"E"
"5620";"E"
"5621";"E"
"5622";"E"
"5623";"D"
"5624";"E"
"5625";"B"
"5626";"E"
"5627";"B"
"5628";"E"
"5629";"E"
"5630";"E"
"5631";"E"
"5632";"B"
"5633";"B"
"5634";"B"
"5635";"E"
"5636";"E"
"5637";"E"
"5638";"E"
"5639";"E"
"5640";"E"
"5641";"E"
"5642";"E"
"5643";"E"
"5644";"E"
"5645";"E"
"5646";"B"
"5647";"B"
"5648";"E"
"5649";"B"
"5650";"E"
"5651";"E"
"5652";"E"
"5653";"E"
"5654";"E"
"5655";"E"
"5656";"E"
"5657";"E"
"5658";"A"
"5659";"C"
"5660";"C"
"5661";"E"
"5662";"C"
"5663";"E"
"5664";"E"
"5665";"E"
"5666";"E"
"5667";"E"
"5668";"E"
"5669";"E"
"5670";"E"
"5671";"E"
"5672";"E"
"5673";"A"
"5674";"E"
"5675";"E"
"5676";"E"
"5677";"E"
"5678";"E"
"5679";"E"
"5680";"E"
"5681";"E"
"5682";"E"
"5683";"E"
"5684";"E"
"5685";"E"
"5686";"E"
"5687";"B"
"5688";"B"
"5689";"A"
"5690";"A"
"5691";"E"
"5692";"E"
"5693";"E"
"5694";"E"
"5695";"E"
"5696";"E"
"5697";"E"
"5698";"B"
"5699";"E"
"5700";"E"
"5701";"E"
"5702";"E"
"5703";"E"
"5704";"C"
"5705";"E"
"5706";"E"
"5707";"E"
"5708";"E"
"5709";"E"
"5710";"E"
"5711";"B"
"5712";"E"
"5713";"B"
"5714";"E"
"5715";"E"
"5716";"E"
"5717";"E"
"5718";"E"
"5719";"E"
"5720";"E"
"5721";"E"
"5722";"E"
"5723";"B"
"5724";"E"
"5725";"E"
"5726";"E"
"5727";"E"
"5728";"B"
"5729";"B"
"5730";"B"
"5731";"E"
"5732";"E"
"5733";"B"
"5734";"E"
"5735";"E"
"5736";"B"
"5737";"B"
"5738";"E"
"5739";"E"
"5740";"C"
"5741";"A"
"5742";"A"
"5743";"C"
"5744";"C"
"5745";"C"
"5746";"C"
"5747";"A"
"5748";"E"
"5749";"E"
"5750";"E"
"5751";"E"
"5752";"E"
"5753";"E"
"5754";"E"
"5755";"E"
"5756";"A"
"5757";"E"
"5758";"C"
"5759";"E"
"5760";"E"
"5761";"E"
"5762";"E"
"5763";"C"
"5764";"C"
"5765";"C"
"5766";"B"
"5767";"E"
"5768";"E"
"5769";"E"
"5770";"E"
"5771";"E"
"5772";"B"
"5773";"E"
"5774";"E"
"5775";"E"
"5776";"E"
"5777";"E"
"5778";"E"
"5779";"E"
"5780";"E"
"5781";"E"
"5782";"E"
"5783";"E"
"5784";"E"
"5785";"E"
"5786";"E"
"5787";"E"
"5788";"E"
"5789";"E"
"5790";"E"
"5791";"E"
"5792";"E"
"5793";"E"
"5794";"E"
"5795";"E"
"5796";"E"
"5797";"E"
"5798";"E"
"5799";"E"
"5800";"E"
"5801";"E"
"5802";"E"
"5803";"E"
"5804";"E"
"5805";"E"
"5806";"E"
"5807";"E"
"5808";"E"
"5809";"E"
"5810";"E"
"5811";"E"
"5812";"B"
"5813";"E"
"5814";"E"
"5815";"E"
"5816";"E"
"5817";"C"
"5818";"E"
"5819";"B"
"5820";"E"
"5821";"E"
"5822";"B"
"5823";"E"
"5824";"E"
"5825";"E"
"5826";"E"
"5827";"E"
"5828";"E"
"5829";"E"
"5830";"A"
"5831";"E"
"5832";"E"
"5833";"C"
"5834";"E"
"5835";"E"
"5836";"E"
"5837";"E"
"5838";"E"
"5839";"A"
"5840";"E"
"5841";"E"
"5842";"E"
"5843";"C"
"5844";"C"
"5845";"E"
"5846";"C"
"5847";"E"
"5848";"E"
"5849";"E"
"5850";"E"
"5851";"E"
"5852";"E"
"5853";"E"
"5854";"E"
"5855";"E"
"5856";"E"
"5857";"D"
"5858";"C"
"5859";"C"
"5860";"B"
"5861";"B"
"5862";"B"
"5863";"E"
"5864";"E"
"5865";"E"
"5866";"E"
"5867";"B"
"5868";"C"
"5869";"C"
"5870";"C"
"5871";"C"
"5872";"C"
"5873";"C"
"5874";"E"
"5875";"E"
"5876";"E"
"5877";"E"
"5878";"E"
"5879";"E"
"5880";"E"
"5881";"E"
"5882";"E"
"5883";"E"
"5884";"E"
"5885";"E"
